ISO-10303-21;
HEADER;
FILE_DESCRIPTION (( 'STEP AP214' ),
    '1' );
FILE_NAME ('SMCJ15A-13-F.STEP',
    '2024-05-15T06:27:42',
    ( '' ),
    ( '' ),
    'SwSTEP 2.0',
    'SolidWorks 2024',
    '' );
FILE_SCHEMA (( 'AUTOMOTIVE_DESIGN' ));
ENDSEC;

DATA;
#1 = PRODUCT_DEFINITION_CONTEXT ( 'detailed design', #1180, 'design' ) ;
#2 = ORIENTED_EDGE ( 'NONE', *, *, #458, .T. ) ;
#3 = ORIENTED_EDGE ( 'NONE', *, *, #551, .T. ) ;
#4 = EDGE_CURVE ( 'NONE', #1004, #193, #214, .T. ) ;
#5 = FACE_OUTER_BOUND ( 'NONE', #365, .T. ) ;
#6 = CARTESIAN_POINT ( 'NONE',  ( -2.500000000000000000, 0.2000000000000000944, 2.607223972185265026 ) ) ;
#7 = ORIENTED_EDGE ( 'NONE', *, *, #390, .T. ) ;
#8 = LINE ( 'NONE', #338, #959 ) ;
#9 = APPLICATION_CONTEXT ( 'automotive_design' ) ;
#10 = EDGE_CURVE ( 'NONE', #28, #524, #346, .T. ) ;
#11 = PRODUCT_DEFINITION_CONTEXT ( 'detailed design', #1257, 'design' ) ;
#12 = ORIENTED_EDGE ( 'NONE', *, *, #336, .F. ) ;
#13 = ORIENTED_EDGE ( 'NONE', *, *, #873, .F. ) ;
#14 = CIRCLE ( 'NONE', #780, 0.08749999999999991118 ) ;
#15 = AXIS2_PLACEMENT_3D ( 'NONE', #140, #574, #1315 ) ;
#16 = LINE ( 'NONE', #975, #270 ) ;
#17 = PRESENTATION_LAYER_ASSIGNMENT (  '', '', ( #42 ) ) ;
#18 = VECTOR ( 'NONE', #484, 1000.000000000000000 ) ;
#19 = SHAPE_DEFINITION_REPRESENTATION ( #171, #640 ) ;
#20 = ORIENTED_EDGE ( 'NONE', *, *, #834, .T. ) ;
#21 = LINE ( 'NONE', #958, #86 ) ;
#22 = ORIENTED_EDGE ( 'NONE', *, *, #992, .T. ) ;
#23 = ADVANCED_FACE ( 'NONE', ( #538 ), #124, .F. ) ;
#24 = PRODUCT_DEFINITION_SHAPE ( 'NONE', 'NONE',  #887 ) ;
#25 = CARTESIAN_POINT ( 'NONE',  ( 2.330000000000000515, 0.2299999999999999545, -1.417499999999999982 ) ) ;
#26 = ORIENTED_EDGE ( 'NONE', *, *, #309, .T. ) ;
#27 = CARTESIAN_POINT ( 'NONE',  ( -2.330000000000000515, 1.120000000000000107, -1.417499999999999982 ) ) ;
#28 = VERTEX_POINT ( 'NONE', #773 ) ;
#29 = CARTESIAN_POINT ( 'NONE',  ( -2.330000000000000515, 1.350000000000000089, 1.417499999999999982 ) ) ;
#30 = ORIENTED_EDGE ( 'NONE', *, *, #309, .F. ) ;
#31 = EDGE_CURVE ( 'NONE', #833, #974, #239, .T. ) ;
#32 = CARTESIAN_POINT ( 'NONE',  ( -4.454723972185264280, 2.500000000000000000, 2.607223972185265914 ) ) ;
#33 = ORIENTED_EDGE ( 'NONE', *, *, #595, .F. ) ;
#34 = CARTESIAN_POINT ( 'NONE',  ( -2.116944794437053190, 1.120000000000000329, 1.417499999999999982 ) ) ;
#35 = CARTESIAN_POINT ( 'NONE',  ( -2.330000000000000515, 1.032499999999999973, 1.042499999999999982 ) ) ;
#36 = ORIENTED_EDGE ( 'NONE', *, *, #905, .F. ) ;
#37 = LINE ( 'NONE', #1194, #89 ) ;
#38 = AXIS2_PLACEMENT_3D ( 'NONE', #930, #1029, #505 ) ;
#39 = EDGE_CURVE ( 'NONE', #756, #644, #864, .T. ) ;
#40 = LINE ( 'NONE', #792, #316 ) ;
#41 = EDGE_CURVE ( 'NONE', #1166, #510, #1246, .T. ) ;
#42 = STYLED_ITEM ( 'NONE', ( #558 ), #369 ) ;
#43 = PLANE ( 'NONE',  #610 ) ;
#44 = CARTESIAN_POINT ( 'NONE',  ( 2.116944794437052302, 1.120000000000000329, -1.417499999999999982 ) ) ;
#45 = ORIENTED_EDGE ( 'NONE', *, *, #1157, .F. ) ;
#46 = LINE ( 'NONE', #895, #636 ) ;
#47 = PRODUCT_DEFINITION_SHAPE ( 'NONE', 'NONE',  #371 ) ;
#48 = LINE ( 'NONE', #988, #88 ) ;
#49 = ADVANCED_FACE ( 'NONE', ( #486 ), #363, .F. ) ;
#50 = DIRECTION ( 'NONE',  ( -0.000000000000000000, -0.000000000000000000, -1.000000000000000000 ) ) ;
#51 =( NAMED_UNIT ( * ) PLANE_ANGLE_UNIT ( ) SI_UNIT ( $, .RADIAN. ) );
#52 = VERTEX_POINT ( 'NONE', #812 ) ;
#53 = CARTESIAN_POINT ( 'NONE',  ( 2.330000000000000515, 0.000000000000000000, 1.417499999999999982 ) ) ;
#54 = LINE ( 'NONE', #132, #693 ) ;
#55 = CARTESIAN_POINT ( 'NONE',  ( -1.507500000000000284, 0.000000000000000000, -1.417499999999999982 ) ) ;
#56 = DIRECTION ( 'NONE',  ( 0.000000000000000000, 0.000000000000000000, -1.000000000000000000 ) ) ;
#57 = ADVANCED_FACE ( 'NONE', ( #589 ), #43, .F. ) ;
#58 = ORIENTED_EDGE ( 'NONE', *, *, #83, .F. ) ;
#59 = CARTESIAN_POINT ( 'NONE',  ( -2.417500000000000426, 1.032499999999999973, -1.417499999999999982 ) ) ;
#60 = CIRCLE ( 'NONE', #849, 0.08749999999999991118 ) ;
#61 = LINE ( 'NONE', #626, #430 ) ;
#62 = AXIS2_PLACEMENT_3D ( 'NONE', #469, #813, #575 ) ;
#63 = DIRECTION ( 'NONE',  ( 0.000000000000000000, 0.9848077530122080203, -0.1736481776669307198 ) ) ;
#64 = PLANE ( 'NONE',  #671 ) ;
#65 = VECTOR ( 'NONE', #815, 1000.000000000000000 ) ;
#66 = VERTEX_POINT ( 'NONE', #793 ) ;
#67 = EDGE_CURVE ( 'NONE', #299, #1231, #1334, .T. ) ;
#68 = ORIENTED_EDGE ( 'NONE', *, *, #1275, .F. ) ;
#69 = LINE ( 'NONE', #74, #1332 ) ;
#70 = CARTESIAN_POINT ( 'NONE',  ( -2.108405813704264276, 1.071573033812077247, -1.417499999999999982 ) ) ;
#71 = CARTESIAN_POINT ( 'NONE',  ( -2.647500000000000409, 1.032499999999999973, -1.417499999999999982 ) ) ;
#72 = VERTEX_POINT ( 'NONE', #277 ) ;
#73 = EDGE_LOOP ( 'NONE', ( #339, #1172, #394, #1167 ) ) ;
#74 = CARTESIAN_POINT ( 'NONE',  ( 2.157500000000000195, 1.350000000000000089, 1.042499999999999982 ) ) ;
#75 = EDGE_CURVE ( 'NONE', #90, #1166, #480, .T. ) ;
#76 = CARTESIAN_POINT ( 'NONE',  ( 2.330000000000000515, 1.350000000000000089, 1.417499999999999982 ) ) ;
#77 = CARTESIAN_POINT ( 'NONE',  ( 1.507500000000000284, 0.2299999999999999545, 1.042499999999999982 ) ) ;
#78 = SHAPE_REPRESENTATION_RELATIONSHIP ( 'NONE' , 'NONE' ,  #599, #604 ) ;
#79 = ORIENTED_EDGE ( 'NONE', *, *, #482, .T. ) ;
#80 = ORIENTED_EDGE ( 'NONE', *, *, #1295, .T. ) ;
#81 = DIRECTION ( 'NONE',  ( 0.000000000000000000, 0.000000000000000000, 1.000000000000000000 ) ) ;
#82 = CARTESIAN_POINT ( 'NONE',  ( 1.507500000000000284, 0.000000000000000000, 1.417499999999999982 ) ) ;
#83 = EDGE_CURVE ( 'NONE', #682, #110, #375, .T. ) ;
#84 = LINE ( 'NONE', #399, #383 ) ;
#85 =( NAMED_UNIT ( * ) SI_UNIT ( $, .STERADIAN. ) SOLID_ANGLE_UNIT ( ) );
#86 = VECTOR ( 'NONE', #111, 1000.000000000000000 ) ;
#87 = ORIENTED_EDGE ( 'NONE', *, *, #1338, .F. ) ;
#88 = VECTOR ( 'NONE', #995, 1000.000000000000000 ) ;
#89 = VECTOR ( 'NONE', #775, 1000.000000000000000 ) ;
#90 = VERTEX_POINT ( 'NONE', #692 ) ;
#91 = DIRECTION ( 'NONE',  ( 0.000000000000000000, -0.000000000000000000, -1.000000000000000000 ) ) ;
#92 = DIRECTION ( 'NONE',  ( 0.000000000000000000, -0.000000000000000000, 1.000000000000000000 ) ) ;
#93 = DIRECTION ( 'NONE',  ( 1.000000000000000000, -0.000000000000000000, 0.000000000000000000 ) ) ;
#94 = ADVANCED_FACE ( 'NONE', ( #1325 ), #1122, .T. ) ;
#95 = ORIENTED_EDGE ( 'NONE', *, *, #398, .F. ) ;
#96 = ORIENTED_EDGE ( 'NONE', *, *, #879, .F. ) ;
#97 = DIRECTION ( 'NONE',  ( 1.000000000000000000, 0.000000000000000000, 0.000000000000000000 ) ) ;
#98 = FACE_OUTER_BOUND ( 'NONE', #1034, .T. ) ;
#99 = CYLINDRICAL_SURFACE ( 'NONE', #716, 0.08749999999999991118 ) ;
#100 = VERTEX_POINT ( 'NONE', #146 ) ;
#101 = PRODUCT_DEFINITION ( 'UNKNOWN', '', #409, #870 ) ;
#102 = ORIENTED_EDGE ( 'NONE', *, *, #748, .T. ) ;
#103 = CARTESIAN_POINT ( 'NONE',  ( 2.330000000000000515, 1.350000000000000089, 1.417499999999999982 ) ) ;
#104 = ADVANCED_FACE ( 'NONE', ( #256 ), #898, .T. ) ;
#105 = CARTESIAN_POINT ( 'NONE',  ( -2.330000000000000515, 1.350000000000000089, 1.042499999999999982 ) ) ;
#106 = CARTESIAN_POINT ( 'NONE',  ( -3.249999999999999556, 0.2680999999999998384, -2.810000000000000053 ) ) ;
#107 = EDGE_LOOP ( 'NONE', ( #1095, #1085, #45, #461 ) ) ;
#108 = VECTOR ( 'NONE', #910, 1000.000000000000000 ) ;
#109 = AXIS2_PLACEMENT_3D ( 'NONE', #184, #93, #207 ) ;
#110 = VERTEX_POINT ( 'NONE', #883 ) ;
#111 = DIRECTION ( 'NONE',  ( -0.000000000000000000, -0.000000000000000000, -1.000000000000000000 ) ) ;
#112 = SHAPE_REPRESENTATION ( 'SMBJ58CA-13-F_2', ( #1243 ), #1129 ) ;
#113 = EDGE_CURVE ( 'NONE', #299, #556, #1220, .T. ) ;
#114 = SURFACE_STYLE_USAGE ( .BOTH. , #205 ) ;
#115 = DIRECTION ( 'NONE',  ( 0.000000000000000000, 1.000000000000000000, 0.000000000000000000 ) ) ;
#116 = ADVANCED_BREP_SHAPE_REPRESENTATION ( '', ( #369, #1243 ), #180 ) ;
#117 = ORIENTED_EDGE ( 'NONE', *, *, #229, .T. ) ;
#118 = ORIENTED_EDGE ( 'NONE', *, *, #1216, .T. ) ;
#119 = PLANE ( 'NONE',  #782 ) ;
#120 = ORIENTED_EDGE ( 'NONE', *, *, #1075, .T. ) ;
#121 = EDGE_LOOP ( 'NONE', ( #1133, #120, #22, #664 ) ) ;
#122 = CARTESIAN_POINT ( 'NONE',  ( -2.500000000000000000, 2.500000000000000000, 2.607223972185265470 ) ) ;
#123 = EDGE_CURVE ( 'NONE', #292, #1231, #799, .T. ) ;
#124 = PLANE ( 'NONE',  #333 ) ;
#125 = AXIS2_PLACEMENT_3D ( 'NONE', #578, #666, #138 ) ;
#126 = ORIENTED_EDGE ( 'NONE', *, *, #1030, .T. ) ;
#127 = VECTOR ( 'NONE', #1359, 1000.000000000000000 ) ;
#128 = VECTOR ( 'NONE', #1026, 1000.000000000000114 ) ;
#129 = CYLINDRICAL_SURFACE ( 'NONE', #784, 0.3175000000000000600 ) ;
#130 = VECTOR ( 'NONE', #691, 1000.000000000000000 ) ;
#131 = STYLED_ITEM ( 'NONE', ( #960 ), #811 ) ;
#132 = CARTESIAN_POINT ( 'NONE',  ( -4.454723972185263392, 2.500000000000000000, -2.607223972185264582 ) ) ;
#133 = CONTEXT_DEPENDENT_SHAPE_REPRESENTATION ( #1038, #376 ) ;
#134 = VERTEX_POINT ( 'NONE', #271 ) ;
#135 = CARTESIAN_POINT ( 'NONE',  ( -1.507500000000000284, 0.000000000000000000, 1.417499999999999982 ) ) ;
#136 = EDGE_CURVE ( 'NONE', #66, #1302, #385, .T. ) ;
#137 = VERTEX_POINT ( 'NONE', #1093 ) ;
#138 = DIRECTION ( 'NONE',  ( 0.1736481776669307198, -0.9848077530122080203, 0.000000000000000000 ) ) ;
#139 = CARTESIAN_POINT ( 'NONE',  ( 2.330000000000000515, 0.2299999999999999545, 1.042499999999999982 ) ) ;
#140 = CARTESIAN_POINT ( 'NONE',  ( 2.330000000000000515, 1.032499999999999973, -1.417499999999999982 ) ) ;
#141 = CARTESIAN_POINT ( 'NONE',  ( 2.330000000000000515, 0.3175000000000000600, 1.042499999999999982 ) ) ;
#142 = EDGE_LOOP ( 'NONE', ( #284, #202, #3, #846 ) ) ;
#143 = CYLINDRICAL_SURFACE ( 'NONE', #173, 0.3175000000000000600 ) ;
#144 = ORIENTED_EDGE ( 'NONE', *, *, #113, .T. ) ;
#145 = CARTESIAN_POINT ( 'NONE',  ( -2.330000000000000515, 1.032499999999999973, 1.417499999999999982 ) ) ;
#146 = CARTESIAN_POINT ( 'NONE',  ( 2.417500000000000426, 0.3175000000000000600, 1.417499999999999982 ) ) ;
#147 = DIRECTION ( 'NONE',  ( 0.1710878697460357367, -0.9702875252478138091, 0.1710878697460357367 ) ) ;
#148 = VERTEX_POINT ( 'NONE', #1212 ) ;
#149 = DIRECTION ( 'NONE',  ( 0.000000000000000000, 1.000000000000000000, -0.000000000000000000 ) ) ;
#150 = VECTOR ( 'NONE', #884, 1000.000000000000000 ) ;
#151 = VECTOR ( 'NONE', #1185, 1000.000000000000000 ) ;
#152 = EDGE_CURVE ( 'NONE', #524, #756, #781, .T. ) ;
#153 = EDGE_LOOP ( 'NONE', ( #1296, #565, #189, #1191 ) ) ;
#154 = CARTESIAN_POINT ( 'NONE',  ( 1.966731839571511431, 0.2681000000000000050, -2.619231839571511067 ) ) ;
#155 = AXIS2_PLACEMENT_3D ( 'NONE', #275, #594, #777 ) ;
#156 = DIRECTION ( 'NONE',  ( 0.1736481776669307198, 0.9848077530122080203, 0.000000000000000000 ) ) ;
#157 = LINE ( 'NONE', #1326, #891 ) ;
#158 = EDGE_LOOP ( 'NONE', ( #1073, #1327, #1188, #1350 ) ) ;
#159 = LINE ( 'NONE', #1090, #354 ) ;
#160 = PRODUCT ( 'SMBJ58CA-13-F_1', 'SMBJ58CA-13-F_1', '', ( #1178 ) ) ;
#161 = DIRECTION ( 'NONE',  ( 1.000000000000000000, 0.000000000000000000, 0.000000000000000000 ) ) ;
#162 = CARTESIAN_POINT ( 'NONE',  ( 2.330000000000000515, 1.032499999999999973, 1.042499999999999982 ) ) ;
#163 = LINE ( 'NONE', #1213, #912 ) ;
#164 = ORIENTED_EDGE ( 'NONE', *, *, #4, .T. ) ;
#165 = DIRECTION ( 'NONE',  ( 0.1736481776669348831, 0.9848077530122072432, -0.000000000000000000 ) ) ;
#166 = CARTESIAN_POINT ( 'NONE',  ( 2.647500000000000409, 1.032499999999999973, 1.042499999999999982 ) ) ;
#167 = DIRECTION ( 'NONE',  ( 0.9848077530122080203, -0.1736481776669307198, 0.000000000000000000 ) ) ;
#168 = DIRECTION ( 'NONE',  ( 0.000000000000000000, 1.000000000000000000, 0.000000000000000000 ) ) ;
#169 = ADVANCED_FACE ( 'NONE', ( #698 ), #996, .T. ) ;
#170 = VERTEX_POINT ( 'NONE', #370 ) ;
#171 = PRODUCT_DEFINITION_SHAPE ( 'NONE', 'NONE',  #101 ) ;
#172 = CARTESIAN_POINT ( 'NONE',  ( 2.417500000000000426, 0.3175000000000000600, 1.042499999999999982 ) ) ;
#173 = AXIS2_PLACEMENT_3D ( 'NONE', #791, #694, #998 ) ;
#174 = LINE ( 'NONE', #941, #1135 ) ;
#175 = FACE_OUTER_BOUND ( 'NONE', #732, .T. ) ;
#176 =( NAMED_UNIT ( * ) PLANE_ANGLE_UNIT ( ) SI_UNIT ( $, .RADIAN. ) );
#177 = VECTOR ( 'NONE', #765, 1000.000000000000000 ) ;
#178 = ORIENTED_EDGE ( 'NONE', *, *, #490, .F. ) ;
#179 = EDGE_CURVE ( 'NONE', #1020, #52, #468, .T. ) ;
#180 =( GEOMETRIC_REPRESENTATION_CONTEXT ( 3 ) GLOBAL_UNCERTAINTY_ASSIGNED_CONTEXT ( ( #225 ) ) GLOBAL_UNIT_ASSIGNED_CONTEXT ( ( #856, #176, #298 ) ) REPRESENTATION_CONTEXT ( 'NONE', 'WORKASPACE' ) );
#181 = ORIENTED_EDGE ( 'NONE', *, *, #1021, .F. ) ;
#182 = CARTESIAN_POINT ( 'NONE',  ( 1.966731839571511431, 0.2680999999999998384, 2.619231839571511955 ) ) ;
#183 = CARTESIAN_POINT ( 'NONE',  ( 2.157500000000000195, 1.350000000000000089, -2.810000000000000053 ) ) ;
#184 = CARTESIAN_POINT ( 'NONE',  ( -2.647500000000000409, 1.032499999999999973, 1.042499999999999982 ) ) ;
#185 = PRODUCT ( 'SMCJ15A-13-F', 'SMCJ15A-13-F', '', ( #559 ) ) ;
#186 = SHAPE_REPRESENTATION_RELATIONSHIP ( 'NONE' , 'NONE' ,  #640, #116 ) ;
#187 = VERTEX_POINT ( 'NONE', #55 ) ;
#188 = ADVANCED_FACE ( 'NONE', ( #1001 ), #283, .F. ) ;
#189 = ORIENTED_EDGE ( 'NONE', *, *, #702, .T. ) ;
#190 = CARTESIAN_POINT ( 'NONE',  ( 2.157500000000000195, 1.350000000000000089, 1.417499999999999982 ) ) ;
#191 = PLANE ( 'NONE',  #734 ) ;
#192 = PLANE ( 'NONE',  #539 ) ;
#193 = VERTEX_POINT ( 'NONE', #635 ) ;
#194 = ORIENTED_EDGE ( 'NONE', *, *, #136, .F. ) ;
#195 = DIRECTION ( 'NONE',  ( -0.000000000000000000, -0.000000000000000000, 1.000000000000000000 ) ) ;
#196 = CARTESIAN_POINT ( 'NONE',  ( 2.157500000000000195, 1.350000000000000089, -2.810000000000000053 ) ) ;
#197 = EDGE_CURVE ( 'NONE', #227, #510, #817, .T. ) ;
#198 = DIRECTION ( 'NONE',  ( 1.000000000000000000, 0.000000000000000000, -0.000000000000000000 ) ) ;
#199 =( LENGTH_UNIT ( ) NAMED_UNIT ( * ) SI_UNIT ( .MILLI., .METRE. ) );
#200 = VECTOR ( 'NONE', #600, 1000.000000000000000 ) ;
#201 = VECTOR ( 'NONE', #1361, 1000.000000000000000 ) ;
#202 = ORIENTED_EDGE ( 'NONE', *, *, #924, .T. ) ;
#203 = ORIENTED_EDGE ( 'NONE', *, *, #992, .F. ) ;
#204 = DIRECTION ( 'NONE',  ( -1.000000000000000000, -1.782154682279576065E-16, 0.000000000000000000 ) ) ;
#205 = SURFACE_SIDE_STYLE ('',( #1274 ) ) ;
#206 = ADVANCED_FACE ( 'NONE', ( #508 ), #290, .F. ) ;
#207 = DIRECTION ( 'NONE',  ( 0.000000000000000000, 0.000000000000000000, -1.000000000000000000 ) ) ;
#208 =( NAMED_UNIT ( * ) SI_UNIT ( $, .STERADIAN. ) SOLID_ANGLE_UNIT ( ) );
#209 = ORIENTED_EDGE ( 'NONE', *, *, #1055, .F. ) ;
#210 = ORIENTED_EDGE ( 'NONE', *, *, #1216, .F. ) ;
#211 = DIRECTION ( 'NONE',  ( -0.000000000000000000, -0.000000000000000000, -1.000000000000000000 ) ) ;
#212 = SURFACE_SIDE_STYLE ('',( #439 ) ) ;
#213 = UNCERTAINTY_MEASURE_WITH_UNIT (LENGTH_MEASURE( 1.000000000000000082E-05 ), #552, 'distance_accuracy_value', 'NONE');
#214 = LINE ( 'NONE', #6, #151 ) ;
#215 = EDGE_CURVE ( 'NONE', #134, #400, #893, .T. ) ;
#216 = ORIENTED_EDGE ( 'NONE', *, *, #407, .T. ) ;
#217 = CARTESIAN_POINT ( 'NONE',  ( -1.507500000000000284, 0.2299999999999999545, 1.042499999999999982 ) ) ;
#218 = DIRECTION ( 'NONE',  ( -1.000000000000000000, 0.000000000000000000, 0.000000000000000000 ) ) ;
#219 = FACE_OUTER_BOUND ( 'NONE', #548, .T. ) ;
#220 = APPLICATION_PROTOCOL_DEFINITION ( 'draft international standard', 'automotive_design', 1998, #9 ) ;
#221 = ORIENTED_EDGE ( 'NONE', *, *, #861, .F. ) ;
#222 = VECTOR ( 'NONE', #274, 1000.000000000000000 ) ;
#223 = ORIENTED_EDGE ( 'NONE', *, *, #1198, .F. ) ;
#224 = CARTESIAN_POINT ( 'NONE',  ( -3.249999999999999556, 0.2680999999999996164, 2.619231839571511955 ) ) ;
#225 = UNCERTAINTY_MEASURE_WITH_UNIT (LENGTH_MEASURE( 1.000000000000000082E-05 ), #856, 'distance_accuracy_value', 'NONE');
#226 = DIRECTION ( 'NONE',  ( -0.000000000000000000, -0.000000000000000000, 1.000000000000000000 ) ) ;
#227 = VERTEX_POINT ( 'NONE', #1353 ) ;
#228 = DIRECTION ( 'NONE',  ( -0.1710878697460359865, 0.9702875252478136980, -0.1710878697460357922 ) ) ;
#229 = EDGE_CURVE ( 'NONE', #148, #754, #312, .T. ) ;
#230 = LINE ( 'NONE', #1072, #291 ) ;
#231 = EDGE_LOOP ( 'NONE', ( #12, #126, #768, #194 ) ) ;
#232 = ORIENTED_EDGE ( 'NONE', *, *, #834, .F. ) ;
#233 = DIRECTION ( 'NONE',  ( 1.000000000000000000, 0.000000000000000000, 0.000000000000000000 ) ) ;
#234 = PRODUCT ( 'SMBJ58CA-13-F_2', 'SMBJ58CA-13-F_2', '', ( #1299 ) ) ;
#235 = ORIENTED_EDGE ( 'NONE', *, *, #258, .F. ) ;
#236 = EDGE_CURVE ( 'NONE', #827, #656, #1235, .T. ) ;
#237 = CARTESIAN_POINT ( 'NONE',  ( -0.3424999999999999156, 1.350000000000000089, 2.810000000000000941 ) ) ;
#238 = ITEM_DEFINED_TRANSFORMATION ( 'NONE', 'NONE', #1136,  #1243 ) ;
#239 = LINE ( 'NONE', #442, #289 ) ;
#240 = DIRECTION ( 'NONE',  ( 0.000000000000000000, 0.000000000000000000, 1.000000000000000000 ) ) ;
#241 = ORIENTED_EDGE ( 'NONE', *, *, #1013, .T. ) ;
#242 = AXIS2_PLACEMENT_3D ( 'NONE', #278, #921, #705 ) ;
#243 = CLOSED_SHELL ( 'NONE', ( #1264, #424, #850, #931, #679, #57, #104, #326, #950, #94, #696, #824, #1227, #362 ) ) ;
#244 = CARTESIAN_POINT ( 'NONE',  ( -2.330000000000000515, 1.032499999999999973, 1.417499999999999982 ) ) ;
#245 = VECTOR ( 'NONE', #1340, 1000.000000000000000 ) ;
#246 = CARTESIAN_POINT ( 'NONE',  ( -4.466731839571511209, 0.2680999999999996164, 0.8100000000000008304 ) ) ;
#247 = AXIS2_PLACEMENT_3D ( 'NONE', #955, #839, #426 ) ;
#248 = ADVANCED_FACE ( 'NONE', ( #175 ), #304, .F. ) ;
#249 = DIRECTION ( 'NONE',  ( -0.000000000000000000, -1.000000000000000000, 0.000000000000000000 ) ) ;
#250 = DIRECTION ( 'NONE',  ( 4.948925632891791843E-17, 0.1736481776669307198, 0.9848077530122080203 ) ) ;
#251 = EDGE_CURVE ( 'NONE', #935, #629, #84, .T. ) ;
#252 = ORIENTED_EDGE ( 'NONE', *, *, #351, .T. ) ;
#253 = LINE ( 'NONE', #985, #311 ) ;
#254 = ORIENTED_EDGE ( 'NONE', *, *, #1047, .F. ) ;
#255 = DIRECTION ( 'NONE',  ( -1.000000000000000000, 0.000000000000000000, 0.000000000000000000 ) ) ;
#256 = FACE_OUTER_BOUND ( 'NONE', #1238, .T. ) ;
#257 = ORIENTED_EDGE ( 'NONE', *, *, #435, .T. ) ;
#258 = EDGE_CURVE ( 'NONE', #483, #509, #838, .T. ) ;
#259 = LINE ( 'NONE', #688, #695 ) ;
#260 = ORIENTED_EDGE ( 'NONE', *, *, #1363, .F. ) ;
#261 = LINE ( 'NONE', #896, #406 ) ;
#262 = CARTESIAN_POINT ( 'NONE',  ( -2.647500000000000409, 0.3175000000000000600, 1.042499999999999982 ) ) ;
#263 = FACE_OUTER_BOUND ( 'NONE', #158, .T. ) ;
#264 = ORIENTED_EDGE ( 'NONE', *, *, #738, .F. ) ;
#265 = ADVANCED_FACE ( 'NONE', ( #297 ), #614, .F. ) ;
#266 = DIRECTION ( 'NONE',  ( 0.000000000000000000, 0.9848077530122080203, 0.1736481776669307198 ) ) ;
#267 = VECTOR ( 'NONE', #1063, 1000.000000000000000 ) ;
#268 = AXIS2_PLACEMENT_3D ( 'NONE', #145, #587, #161 ) ;
#269 = LINE ( 'NONE', #27, #473 ) ;
#270 = VECTOR ( 'NONE', #218, 1000.000000000000000 ) ;
#271 = CARTESIAN_POINT ( 'NONE',  ( -2.330000000000000515, 0.2299999999999999545, 1.417499999999999982 ) ) ;
#272 = LINE ( 'NONE', #794, #1042 ) ;
#273 = EDGE_LOOP ( 'NONE', ( #649, #819, #489, #1300 ) ) ;
#274 = DIRECTION ( 'NONE',  ( -1.000000000000000000, -0.000000000000000000, 0.000000000000000000 ) ) ;
#275 = CARTESIAN_POINT ( 'NONE',  ( -2.330000000000000515, 1.032499999999999973, -1.417499999999999982 ) ) ;
#276 = EDGE_CURVE ( 'NONE', #170, #1208, #404, .T. ) ;
#277 = CARTESIAN_POINT ( 'NONE',  ( 2.330000000000000515, 0.000000000000000000, 1.417499999999999982 ) ) ;
#278 = CARTESIAN_POINT ( 'NONE',  ( 2.330000000000000515, 1.350000000000000089, 1.042499999999999982 ) ) ;
#279 = ORIENTED_EDGE ( 'NONE', *, *, #113, .F. ) ;
#280 = LINE ( 'NONE', #701, #1354 ) ;
#281 = LINE ( 'NONE', #1148, #1337 ) ;
#282 = ADVANCED_FACE ( 'NONE', ( #495 ), #514, .F. ) ;
#283 = PLANE ( 'NONE',  #357 ) ;
#284 = ORIENTED_EDGE ( 'NONE', *, *, #560, .T. ) ;
#285 = ORIENTED_EDGE ( 'NONE', *, *, #861, .T. ) ;
#286 = DIRECTION ( 'NONE',  ( 1.000000000000000000, 0.000000000000000000, -0.000000000000000000 ) ) ;
#287 = VECTOR ( 'NONE', #491, 1000.000000000000000 ) ;
#288 = FACE_OUTER_BOUND ( 'NONE', #1283, .T. ) ;
#289 = VECTOR ( 'NONE', #437, 1000.000000000000000 ) ;
#290 = PLANE ( 'NONE',  #109 ) ;
#291 = VECTOR ( 'NONE', #1298, 1000.000000000000000 ) ;
#292 = VERTEX_POINT ( 'NONE', #71 ) ;
#293 = EDGE_CURVE ( 'NONE', #1151, #1181, #728, .T. ) ;
#294 = ORIENTED_EDGE ( 'NONE', *, *, #179, .T. ) ;
#295 = CARTESIAN_POINT ( 'NONE',  ( 2.330000000000000515, 1.032499999999999973, 1.417499999999999982 ) ) ;
#296 = DIRECTION ( 'NONE',  ( 0.1736481776669348831, -0.9848077530122072432, 0.000000000000000000 ) ) ;
#297 = FACE_OUTER_BOUND ( 'NONE', #673, .T. ) ;
#298 =( NAMED_UNIT ( * ) SI_UNIT ( $, .STERADIAN. ) SOLID_ANGLE_UNIT ( ) );
#299 = VERTEX_POINT ( 'NONE', #502 ) ;
#300 = EDGE_CURVE ( 'NONE', #638, #432, #1347, .T. ) ;
#301 = ORIENTED_EDGE ( 'NONE', *, *, #507, .F. ) ;
#302 = DIRECTION ( 'NONE',  ( 0.1736481776669348831, 0.9848077530122072432, 0.000000000000000000 ) ) ;
#303 = CARTESIAN_POINT ( 'NONE',  ( -2.157500000000000195, 1.350000000000000089, 1.042499999999999982 ) ) ;
#304 = PLANE ( 'NONE',  #940 ) ;
#305 = DIRECTION ( 'NONE',  ( 1.000000000000000000, 0.000000000000000000, 0.000000000000000000 ) ) ;
#306 = ORIENTED_EDGE ( 'NONE', *, *, #341, .F. ) ;
#307 = ORIENTED_EDGE ( 'NONE', *, *, #1328, .F. ) ;
#308 = FACE_OUTER_BOUND ( 'NONE', #367, .T. ) ;
#309 = EDGE_CURVE ( 'NONE', #1159, #700, #718, .T. ) ;
#310 = LINE ( 'NONE', #438, #431 ) ;
#311 = VECTOR ( 'NONE', #1005, 1000.000000000000227 ) ;
#312 = LINE ( 'NONE', #740, #1175 ) ;
#313 = DIRECTION ( 'NONE',  ( 1.000000000000000000, 0.000000000000000000, 0.000000000000000000 ) ) ;
#314 = AXIS2_PLACEMENT_3D ( 'NONE', #1201, #678, #204 ) ;
#315 = ORIENTED_EDGE ( 'NONE', *, *, #449, .T. ) ;
#316 = VECTOR ( 'NONE', #1218, 1000.000000000000000 ) ;
#317 = ORIENTED_EDGE ( 'NONE', *, *, #529, .T. ) ;
#318 = PLANE ( 'NONE',  #1270 ) ;
#319 = ADVANCED_FACE ( 'NONE', ( #723 ), #192, .F. ) ;
#320 = CARTESIAN_POINT ( 'NONE',  ( -2.330000000000000515, 0.3175000000000000600, 1.042499999999999982 ) ) ;
#321 = ORIENTED_EDGE ( 'NONE', *, *, #595, .T. ) ;
#322 = ORIENTED_EDGE ( 'NONE', *, *, #440, .T. ) ;
#323 = PLANE ( 'NONE',  #562 ) ;
#324 = DIRECTION ( 'NONE',  ( -0.1736481776669307198, 0.9848077530122080203, 0.000000000000000000 ) ) ;
#325 = DIRECTION ( 'NONE',  ( -1.000000000000000000, 6.361040144623282721E-16, 0.000000000000000000 ) ) ;
#326 = ADVANCED_FACE ( 'NONE', ( #1266 ), #119, .F. ) ;
#327 = ORIENTED_EDGE ( 'NONE', *, *, #276, .F. ) ;
#328 = APPLICATION_CONTEXT ( 'automotive_design' ) ;
#329 = CARTESIAN_POINT ( 'NONE',  ( -4.657499999999999751, 1.350000000000000089, 2.810000000000000941 ) ) ;
#330 = APPLICATION_PROTOCOL_DEFINITION ( 'draft international standard', 'automotive_design', 1998, #378 ) ;
#331 = CARTESIAN_POINT ( 'NONE',  ( 2.647500000000000409, 1.032499999999999973, -1.417499999999999982 ) ) ;
#332 = VECTOR ( 'NONE', #828, 1000.000000000000000 ) ;
#333 = AXIS2_PLACEMENT_3D ( 'NONE', #561, #981, #669 ) ;
#334 = VECTOR ( 'NONE', #1092, 1000.000000000000000 ) ;
#335 = ORIENTED_EDGE ( 'NONE', *, *, #41, .F. ) ;
#336 = EDGE_CURVE ( 'NONE', #1068, #66, #1281, .T. ) ;
#337 = VECTOR ( 'NONE', #1341, 1000.000000000000114 ) ;
#338 = CARTESIAN_POINT ( 'NONE',  ( 2.157500000000000195, 1.350000000000000089, 2.810000000000000941 ) ) ;
#339 = ORIENTED_EDGE ( 'NONE', *, *, #1165, .F. ) ;
#340 = ORIENTED_EDGE ( 'NONE', *, *, #229, .F. ) ;
#341 = EDGE_CURVE ( 'NONE', #90, #1302, #1076, .T. ) ;
#342 = CARTESIAN_POINT ( 'NONE',  ( -2.330000000000000515, 1.350000000000000089, -1.417499999999999982 ) ) ;
#343 = SHAPE_REPRESENTATION ( 'SMCJ15A-13-F', ( #984, #1136, #809, #434 ), #615 ) ;
#344 = VERTEX_POINT ( 'NONE', #1381 ) ;
#345 = CARTESIAN_POINT ( 'NONE',  ( -2.417500000000000426, 0.3175000000000000600, 1.417499999999999982 ) ) ;
#346 = LINE ( 'NONE', #331, #1131 ) ;
#347 = CARTESIAN_POINT ( 'NONE',  ( -2.647500000000000409, 0.3175000000000000600, -1.417499999999999982 ) ) ;
#348 = LINE ( 'NONE', #1186, #18 ) ;
#349 = ADVANCED_FACE ( 'NONE', ( #5 ), #99, .F. ) ;
#350 = DIRECTION ( 'NONE',  ( -0.1710878697460359865, -0.9702875252478136980, -0.1710878697460355979 ) ) ;
#351 = EDGE_CURVE ( 'NONE', #656, #872, #546, .T. ) ;
#352 = DIRECTION ( 'NONE',  ( 0.000000000000000000, 0.000000000000000000, 1.000000000000000000 ) ) ;
#353 = DIRECTION ( 'NONE',  ( 0.000000000000000000, 0.000000000000000000, 1.000000000000000000 ) ) ;
#354 = VECTOR ( 'NONE', #1317, 1000.000000000000000 ) ;
#355 = ORIENTED_EDGE ( 'NONE', *, *, #236, .F. ) ;
#356 = AXIS2_PLACEMENT_3D ( 'NONE', #1339, #500, #1147 ) ;
#357 = AXIS2_PLACEMENT_3D ( 'NONE', #709, #392, #1138 ) ;
#358 = CARTESIAN_POINT ( 'NONE',  ( -2.330000000000000515, 0.3175000000000000600, 1.042499999999999982 ) ) ;
#359 = AXIS2_PLACEMENT_3D ( 'NONE', #612, #1234, #403 ) ;
#360 = LINE ( 'NONE', #34, #1357 ) ;
#361 =( GEOMETRIC_REPRESENTATION_CONTEXT ( 3 ) GLOBAL_UNCERTAINTY_ASSIGNED_CONTEXT ( ( #1059 ) ) GLOBAL_UNIT_ASSIGNED_CONTEXT ( ( #1253, #1040, #85 ) ) REPRESENTATION_CONTEXT ( 'NONE', 'WORKASPACE' ) );
#362 = ADVANCED_FACE ( 'NONE', ( #219 ), #1058, .T. ) ;
#363 = CYLINDRICAL_SURFACE ( 'NONE', #1333, 0.08749999999999991118 ) ;
#364 =( NAMED_UNIT ( * ) SI_UNIT ( $, .STERADIAN. ) SOLID_ANGLE_UNIT ( ) );
#365 = EDGE_LOOP ( 'NONE', ( #1377, #1130, #254, #618 ) ) ;
#366 = DIRECTION ( 'NONE',  ( -1.000000000000000000, 0.000000000000000000, 0.000000000000000000 ) ) ;
#367 = EDGE_LOOP ( 'NONE', ( #410, #1262, #257, #1160 ) ) ;
#368 = DIRECTION ( 'NONE',  ( -0.000000000000000000, -0.000000000000000000, -1.000000000000000000 ) ) ;
#369 = MANIFOLD_SOLID_BREP ( 'Mirror1', #428 ) ;
#370 = CARTESIAN_POINT ( 'NONE',  ( 0.7500000000000004441, 0.2680999999999999495, -2.619231839571511067 ) ) ;
#371 = PRODUCT_DEFINITION ( 'UNKNOWN', '', #1250, #554 ) ;
#372 = ORIENTED_EDGE ( 'NONE', *, *, #1047, .T. ) ;
#373 = DIRECTION ( 'NONE',  ( 0.000000000000000000, 0.000000000000000000, -1.000000000000000000 ) ) ;
#374 = DIRECTION ( 'NONE',  ( -0.000000000000000000, -0.000000000000000000, -1.000000000000000000 ) ) ;
#375 = LINE ( 'NONE', #909, #1107 ) ;
#376 = PRODUCT_DEFINITION_SHAPE ( 'NONE', 'NONE',  #1382 ) ;
#377 = CARTESIAN_POINT ( 'NONE',  ( -2.330000000000000515, 0.2299999999999999545, 1.042499999999999982 ) ) ;
#378 = APPLICATION_CONTEXT ( 'automotive_design' ) ;
#379 = EDGE_LOOP ( 'NONE', ( #1268, #528, #1154, #223 ) ) ;
#380 = EDGE_CURVE ( 'NONE', #690, #134, #1276, .T. ) ;
#381 = CARTESIAN_POINT ( 'NONE',  ( 2.647500000000000409, 0.3175000000000001155, 1.417499999999999982 ) ) ;
#382 = AXIS2_PLACEMENT_3D ( 'NONE', #1161, #531, #877 ) ;
#383 = VECTOR ( 'NONE', #641, 1000.000000000000000 ) ;
#384 = DIRECTION ( 'NONE',  ( 1.000000000000000000, 0.000000000000000000, -0.000000000000000000 ) ) ;
#385 = LINE ( 'NONE', #1319, #1312 ) ;
#386 = DIRECTION ( 'NONE',  ( -1.000000000000000000, 0.000000000000000000, 0.000000000000000000 ) ) ;
#387 = PRODUCT_DEFINITION_FORMATION_WITH_SPECIFIED_SOURCE ( 'ANY', '', #234, .NOT_KNOWN. ) ;
#388 = ORIENTED_EDGE ( 'NONE', *, *, #651, .T. ) ;
#389 = LINE ( 'NONE', #411, #200 ) ;
#390 = EDGE_CURVE ( 'NONE', #913, #767, #829, .T. ) ;
#391 = CARTESIAN_POINT ( 'NONE',  ( 2.417500000000000426, 1.032499999999999973, 1.042499999999999982 ) ) ;
#392 = DIRECTION ( 'NONE',  ( -6.361040144623282721E-16, 1.000000000000000000, 0.000000000000000000 ) ) ;
#393 = LINE ( 'NONE', #1117, #1289 ) ;
#394 = ORIENTED_EDGE ( 'NONE', *, *, #1288, .F. ) ;
#395 = VERTEX_POINT ( 'NONE', #224 ) ;
#396 = LINE ( 'NONE', #182, #332 ) ;
#397 = DIRECTION ( 'NONE',  ( 0.000000000000000000, 0.000000000000000000, 1.000000000000000000 ) ) ;
#398 = EDGE_CURVE ( 'NONE', #432, #858, #230, .T. ) ;
#399 = CARTESIAN_POINT ( 'NONE',  ( -2.417500000000000426, 1.032499999999999973, 1.042499999999999982 ) ) ;
#400 = VERTEX_POINT ( 'NONE', #345 ) ;
#401 = CARTESIAN_POINT ( 'NONE',  ( 0.7500000000000004441, 0.2680999999999999495, 2.619231839571511511 ) ) ;
#402 = AXIS2_PLACEMENT_3D ( 'NONE', #1249, #81, #916 ) ;
#403 = DIRECTION ( 'NONE',  ( 1.000000000000000000, 0.000000000000000000, 0.000000000000000000 ) ) ;
#404 = LINE ( 'NONE', #1144, #128 ) ;
#405 = DIRECTION ( 'NONE',  ( 0.000000000000000000, 0.000000000000000000, 1.000000000000000000 ) ) ;
#406 = VECTOR ( 'NONE', #374, 1000.000000000000000 ) ;
#407 = EDGE_CURVE ( 'NONE', #110, #623, #855, .T. ) ;
#408 = ORIENTED_EDGE ( 'NONE', *, *, #605, .T. ) ;
#409 = PRODUCT_DEFINITION_FORMATION_WITH_SPECIFIED_SOURCE ( 'ANY', '', #986, .NOT_KNOWN. ) ;
#410 = ORIENTED_EDGE ( 'NONE', *, *, #380, .F. ) ;
#411 = CARTESIAN_POINT ( 'NONE',  ( -0.3424999999999999156, 1.350000000000000089, 2.810000000000000941 ) ) ;
#412 = PLANE ( 'NONE',  #634 ) ;
#413 = CARTESIAN_POINT ( 'NONE',  ( 2.417500000000000426, 1.032499999999999973, 1.042499999999999982 ) ) ;
#414 = CARTESIAN_POINT ( 'NONE',  ( 0.000000000000000000, 0.000000000000000000, 0.000000000000000000 ) ) ;
#415 = ORIENTED_EDGE ( 'NONE', *, *, #75, .F. ) ;
#416 = ORIENTED_EDGE ( 'NONE', *, *, #702, .F. ) ;
#417 = DIRECTION ( 'NONE',  ( -1.000000000000000000, -0.000000000000000000, 0.000000000000000000 ) ) ;
#418 = LINE ( 'NONE', #1025, #245 ) ;
#419 = DIRECTION ( 'NONE',  ( -1.000000000000000000, -0.000000000000000000, 0.000000000000000000 ) ) ;
#420 = DIRECTION ( 'NONE',  ( 0.000000000000000000, 0.000000000000000000, 1.000000000000000000 ) ) ;
#421 = ORIENTED_EDGE ( 'NONE', *, *, #197, .F. ) ;
#422 = EDGE_LOOP ( 'NONE', ( #96, #994, #306, #654 ) ) ;
#423 = CARTESIAN_POINT ( 'NONE',  ( -2.330000000000000515, 0.000000000000000000, 1.417499999999999982 ) ) ;
#424 = ADVANCED_FACE ( 'NONE', ( #771 ), #1184, .F. ) ;
#425 = DIRECTION ( 'NONE',  ( -1.000000000000000000, 0.000000000000000000, 0.000000000000000000 ) ) ;
#426 = DIRECTION ( 'NONE',  ( 1.000000000000000000, 0.000000000000000000, 0.000000000000000000 ) ) ;
#427 = CIRCLE ( 'NONE', #402, 0.3175000000000000600 ) ;
#428 = CLOSED_SHELL ( 'NONE', ( #1321, #1346, #1061, #265, #319, #657, #1380, #915, #282, #517, #642, #1096, #49, #23 ) ) ;
#429 = ORIENTED_EDGE ( 'NONE', *, *, #905, .T. ) ;
#430 = VECTOR ( 'NONE', #1143, 1000.000000000000000 ) ;
#431 = VECTOR ( 'NONE', #874, 1000.000000000000000 ) ;
#432 = VERTEX_POINT ( 'NONE', #962 ) ;
#433 = CARTESIAN_POINT ( 'NONE',  ( -2.330000000000000515, 0.2299999999999999545, 1.042499999999999982 ) ) ;
#434 = AXIS2_PLACEMENT_3D ( 'NONE', #927, #420, #1348 ) ;
#435 = EDGE_CURVE ( 'NONE', #344, #706, #954, .T. ) ;
#436 = CARTESIAN_POINT ( 'NONE',  ( 2.330000000000000515, 0.3175000000000000600, -1.417499999999999982 ) ) ;
#437 = DIRECTION ( 'NONE',  ( -0.000000000000000000, -0.000000000000000000, -1.000000000000000000 ) ) ;
#438 = CARTESIAN_POINT ( 'NONE',  ( 2.417500000000000426, 1.032499999999999973, -1.417499999999999982 ) ) ;
#439 = SURFACE_STYLE_FILL_AREA ( #534 ) ;
#440 = EDGE_CURVE ( 'NONE', #400, #1271, #261, .T. ) ;
#441 = UNCERTAINTY_MEASURE_WITH_UNIT (LENGTH_MEASURE( 1.000000000000000082E-05 ), #662, 'distance_accuracy_value', 'NONE');
#442 = CARTESIAN_POINT ( 'NONE',  ( -2.330000000000000515, 1.119999999999999885, 1.042499999999999982 ) ) ;
#443 = ORIENTED_EDGE ( 'NONE', *, *, #853, .T. ) ;
#444 =( NAMED_UNIT ( * ) SI_UNIT ( $, .STERADIAN. ) SOLID_ANGLE_UNIT ( ) );
#445 = DIRECTION ( 'NONE',  ( 0.000000000000000000, -0.000000000000000000, 1.000000000000000000 ) ) ;
#446 = VERTEX_POINT ( 'NONE', #683 ) ;
#447 = CIRCLE ( 'NONE', #38, 0.08749999999999991118 ) ;
#448 = AXIS2_PLACEMENT_3D ( 'NONE', #1007, #1306, #63 ) ;
#449 = EDGE_CURVE ( 'NONE', #913, #682, #810, .T. ) ;
#450 = VECTOR ( 'NONE', #485, 1000.000000000000000 ) ;
#451 = APPLICATION_CONTEXT ( 'automotive_design' ) ;
#452 = ORIENTED_EDGE ( 'NONE', *, *, #625, .T. ) ;
#453 = DIRECTION ( 'NONE',  ( 0.000000000000000000, -0.000000000000000000, -1.000000000000000000 ) ) ;
#454 = ORIENTED_EDGE ( 'NONE', *, *, #890, .F. ) ;
#455 = DIRECTION ( 'NONE',  ( 0.000000000000000000, -0.9848077530122080203, -0.1736481776669307198 ) ) ;
#456 = ORIENTED_EDGE ( 'NONE', *, *, #1313, .F. ) ;
#457 = PLANE ( 'NONE',  #1019 ) ;
#458 = EDGE_CURVE ( 'NONE', #833, #1159, #360, .T. ) ;
#459 = PLANE ( 'NONE',  #1310 ) ;
#460 = CYLINDRICAL_SURFACE ( 'NONE', #869, 0.08749999999999991118 ) ;
#461 = ORIENTED_EDGE ( 'NONE', *, *, #31, .F. ) ;
#462 = DIRECTION ( 'NONE',  ( -1.000000000000000000, 0.000000000000000000, 0.000000000000000000 ) ) ;
#463 = VERTEX_POINT ( 'NONE', #573 ) ;
#464 = CARTESIAN_POINT ( 'NONE',  ( -4.466731839571510321, 0.2680999999999994499, 2.619231839571511511 ) ) ;
#465 = EDGE_CURVE ( 'NONE', #400, #935, #1305, .T. ) ;
#466 = EDGE_LOOP ( 'NONE', ( #241, #938, #1098, #20 ) ) ;
#467 = CARTESIAN_POINT ( 'NONE',  ( 2.417500000000000426, 1.032499999999999973, 1.417499999999999982 ) ) ;
#468 = LINE ( 'NONE', #1100, #1153 ) ;
#469 = CARTESIAN_POINT ( 'NONE',  ( 2.330000000000000515, 0.3175000000000000600, 1.417499999999999982 ) ) ;
#470 = AXIS2_PLACEMENT_3D ( 'NONE', #476, #1109, #818 ) ;
#471 = ORIENTED_EDGE ( 'NONE', *, *, #1084, .T. ) ;
#472 = CARTESIAN_POINT ( 'NONE',  ( -2.417500000000000426, 1.032499999999999973, 1.417499999999999982 ) ) ;
#473 = VECTOR ( 'NONE', #1205, 1000.000000000000000 ) ;
#474 = CARTESIAN_POINT ( 'NONE',  ( 0.7500000000000004441, 0.2000000000000000944, -2.810000000000000053 ) ) ;
#475 = CARTESIAN_POINT ( 'NONE',  ( 2.330000000000000515, 1.032499999999999973, 1.417499999999999982 ) ) ;
#476 = CARTESIAN_POINT ( 'NONE',  ( 2.330000000000000515, 0.2299999999999999545, 1.042499999999999982 ) ) ;
#477 = EDGE_LOOP ( 'NONE', ( #675, #471, #294, #956, #7, #944, #1261, #1056, #499, #79, #1060, #616 ) ) ;
#478 = DIRECTION ( 'NONE',  ( -0.9848077530122080203, 0.1736481776669307198, 0.000000000000000000 ) ) ;
#479 = DIRECTION ( 'NONE',  ( -0.000000000000000000, 0.000000000000000000, 1.000000000000000000 ) ) ;
#480 = LINE ( 'NONE', #788, #1376 ) ;
#481 = PLANE ( 'NONE',  #470 ) ;
#482 = EDGE_CURVE ( 'NONE', #137, #756, #40, .T. ) ;
#483 = VERTEX_POINT ( 'NONE', #1331 ) ;
#484 = DIRECTION ( 'NONE',  ( 0.000000000000000000, 0.000000000000000000, 1.000000000000000000 ) ) ;
#485 = DIRECTION ( 'NONE',  ( 0.000000000000000000, -0.000000000000000000, 1.000000000000000000 ) ) ;
#486 = FACE_OUTER_BOUND ( 'NONE', #719, .T. ) ;
#487 = PRODUCT_DEFINITION_SHAPE ( 'NONE', 'NONE',  #1383 ) ;
#488 = DIRECTION ( 'NONE',  ( 0.1710878697460359865, -0.9702875252478136980, -0.1710878697460357922 ) ) ;
#489 = ORIENTED_EDGE ( 'NONE', *, *, #123, .T. ) ;
#490 = EDGE_CURVE ( 'NONE', #432, #827, #54, .T. ) ;
#491 = DIRECTION ( 'NONE',  ( 0.000000000000000000, -1.000000000000000000, 0.000000000000000000 ) ) ;
#492 = CIRCLE ( 'NONE', #62, 0.08749999999999991118 ) ;
#493 = VECTOR ( 'NONE', #419, 1000.000000000000000 ) ;
#494 = PLANE ( 'NONE',  #1022 ) ;
#495 = FACE_OUTER_BOUND ( 'NONE', #1362, .T. ) ;
#496 = PLANE ( 'NONE',  #242 ) ;
#497 = ORIENTED_EDGE ( 'NONE', *, *, #251, .F. ) ;
#498 = EDGE_CURVE ( 'NONE', #749, #299, #48, .T. ) ;
#499 = ORIENTED_EDGE ( 'NONE', *, *, #999, .T. ) ;
#500 = DIRECTION ( 'NONE',  ( -0.000000000000000000, -0.000000000000000000, -1.000000000000000000 ) ) ;
#501 = DIRECTION ( 'NONE',  ( -0.000000000000000000, 0.000000000000000000, -1.000000000000000000 ) ) ;
#502 = CARTESIAN_POINT ( 'NONE',  ( -2.647500000000000409, 0.3175000000000000600, 1.417499999999999982 ) ) ;
#503 = ORIENTED_EDGE ( 'NONE', *, *, #258, .T. ) ;
#504 = ORIENTED_EDGE ( 'NONE', *, *, #1132, .F. ) ;
#505 = DIRECTION ( 'NONE',  ( 1.000000000000000000, 0.000000000000000000, 0.000000000000000000 ) ) ;
#506 = FACE_OUTER_BOUND ( 'NONE', #802, .T. ) ;
#507 = EDGE_CURVE ( 'NONE', #1208, #193, #1000, .T. ) ;
#508 = FACE_OUTER_BOUND ( 'NONE', #273, .T. ) ;
#509 = VERTEX_POINT ( 'NONE', #154 ) ;
#510 = VERTEX_POINT ( 'NONE', #467 ) ;
#511 = CARTESIAN_POINT ( 'NONE',  ( -2.330000000000000515, 1.119999999999999885, -1.417499999999999982 ) ) ;
#512 = VECTOR ( 'NONE', #1307, 1000.000000000000000 ) ;
#513 = CARTESIAN_POINT ( 'NONE',  ( -2.500000000000000000, 2.500000000000000000, -1.000000000000000000 ) ) ;
#514 = CYLINDRICAL_SURFACE ( 'NONE', #1379, 0.08749999999999991118 ) ;
#515 = VECTOR ( 'NONE', #1209, 1000.000000000000000 ) ;
#516 = EDGE_LOOP ( 'NONE', ( #1102, #232, #95, #795 ) ) ;
#517 = ADVANCED_FACE ( 'NONE', ( #263 ), #496, .F. ) ;
#518 = ORIENTED_EDGE ( 'NONE', *, *, #300, .T. ) ;
#519 = FACE_OUTER_BOUND ( 'NONE', #969, .T. ) ;
#520 = CARTESIAN_POINT ( 'NONE',  ( 2.330000000000000515, 1.350000000000000089, -1.417499999999999982 ) ) ;
#521 = DIRECTION ( 'NONE',  ( 0.000000000000000000, 1.000000000000000000, 0.000000000000000000 ) ) ;
#522 = ORIENTED_EDGE ( 'NONE', *, *, #748, .F. ) ;
#523 = ADVANCED_FACE ( 'NONE', ( #1314 ), #1318, .F. ) ;
#524 = VERTEX_POINT ( 'NONE', #676 ) ;
#525 = CARTESIAN_POINT ( 'NONE',  ( -0.3424999999999999156, 1.350000000000000089, 2.810000000000000941 ) ) ;
#526 = FILL_AREA_STYLE ('',( #752 ) ) ;
#527 = DIRECTION ( 'NONE',  ( 1.000000000000000000, -0.000000000000000000, 0.000000000000000000 ) ) ;
#528 = ORIENTED_EDGE ( 'NONE', *, *, #4, .F. ) ;
#529 = EDGE_CURVE ( 'NONE', #463, #974, #269, .T. ) ;
#530 = EDGE_LOOP ( 'NONE', ( #13, #454, #452, #875 ) ) ;
#531 = DIRECTION ( 'NONE',  ( 0.000000000000000000, 0.000000000000000000, 1.000000000000000000 ) ) ;
#532 = CARTESIAN_POINT ( 'NONE',  ( 2.157500000000000195, 1.350000000000000089, 0.8100000000000006084 ) ) ;
#533 = PRESENTATION_LAYER_ASSIGNMENT (  '', '', ( #1024 ) ) ;
#534 = FILL_AREA_STYLE ('',( #1372 ) ) ;
#535 = APPLICATION_PROTOCOL_DEFINITION ( 'draft international standard', 'automotive_design', 1998, #328 ) ;
#536 = AXIS2_PLACEMENT_3D ( 'NONE', #1256, #1023, #302 ) ;
#537 = AXIS2_PLACEMENT_3D ( 'NONE', #1199, #352, #903 ) ;
#538 = FACE_OUTER_BOUND ( 'NONE', #422, .T. ) ;
#539 = AXIS2_PLACEMENT_3D ( 'NONE', #627, #845, #198 ) ;
#540 = VECTOR ( 'NONE', #92, 1000.000000000000000 ) ;
#541 = ORIENTED_EDGE ( 'NONE', *, *, #1304, .F. ) ;
#542 = LINE ( 'NONE', #103, #512 ) ;
#543 = PRODUCT_DEFINITION_FORMATION_WITH_SPECIFIED_SOURCE ( 'ANY', '', #160, .NOT_KNOWN. ) ;
#544 = LINE ( 'NONE', #1074, #808 ) ;
#545 = ADVANCED_FACE ( 'NONE', ( #1105 ), #460, .F. ) ;
#546 = LINE ( 'NONE', #329, #1336 ) ;
#547 = APPLICATION_PROTOCOL_DEFINITION ( 'draft international standard', 'automotive_design', 1998, #1257 ) ;
#548 = EDGE_LOOP ( 'NONE', ( #164, #102, #1287, #1118, #643, #252, #847, #622 ) ) ;
#549 = ORIENTED_EDGE ( 'NONE', *, *, #300, .F. ) ;
#550 = CARTESIAN_POINT ( 'NONE',  ( 1.954723972185264724, 2.500000000000000000, 2.607223972185265026 ) ) ;
#551 = EDGE_CURVE ( 'NONE', #749, #1204, #1176, .T. ) ;
#552 =( LENGTH_UNIT ( ) NAMED_UNIT ( * ) SI_UNIT ( .MILLI., .METRE. ) );
#553 = SHAPE_DEFINITION_REPRESENTATION ( #689, #599 ) ;
#554 = PRODUCT_DEFINITION_CONTEXT ( 'detailed design', #9, 'design' ) ;
#555 = ORIENTED_EDGE ( 'NONE', *, *, #407, .F. ) ;
#556 = VERTEX_POINT ( 'NONE', #568 ) ;
#557 = PLANE ( 'NONE',  #741 ) ;
#558 = PRESENTATION_STYLE_ASSIGNMENT (( #970 ) ) ;
#559 = PRODUCT_CONTEXT ( 'NONE', #328, 'mechanical' ) ;
#560 = EDGE_CURVE ( 'NONE', #894, #292, #854, .T. ) ;
#561 = CARTESIAN_POINT ( 'NONE',  ( 2.116944794437053190, 1.120000000000000329, 1.042499999999999982 ) ) ;
#562 = AXIS2_PLACEMENT_3D ( 'NONE', #751, #462, #353 ) ;
#563 = VECTOR ( 'NONE', #825, 1000.000000000000000 ) ;
#564 = AXIS2_PLACEMENT_3D ( 'NONE', #237, #659, #455 ) ;
#565 = ORIENTED_EDGE ( 'NONE', *, *, #39, .T. ) ;
#566 = DIRECTION ( 'NONE',  ( -0.000000000000000000, -0.000000000000000000, -1.000000000000000000 ) ) ;
#567 = ORIENTED_EDGE ( 'NONE', *, *, #1103, .T. ) ;
#568 = CARTESIAN_POINT ( 'NONE',  ( -2.330000000000000515, 0.000000000000000000, 1.417499999999999982 ) ) ;
#569 = ORIENTED_EDGE ( 'NONE', *, *, #529, .F. ) ;
#570 = PLANE ( 'NONE',  #314 ) ;
#571 = ADVANCED_BREP_SHAPE_REPRESENTATION ( '', ( #811, #1243 ), #1129 ) ;
#572 = FACE_OUTER_BOUND ( 'NONE', #516, .T. ) ;
#573 = CARTESIAN_POINT ( 'NONE',  ( -2.116944794437052302, 1.120000000000000329, -1.417499999999999982 ) ) ;
#574 = DIRECTION ( 'NONE',  ( 0.000000000000000000, 0.000000000000000000, 1.000000000000000000 ) ) ;
#575 = DIRECTION ( 'NONE',  ( 1.000000000000000000, 0.000000000000000000, 0.000000000000000000 ) ) ;
#576 = ORIENTED_EDGE ( 'NONE', *, *, #755, .F. ) ;
#577 = EDGE_CURVE ( 'NONE', #1020, #623, #1010, .T. ) ;
#578 = CARTESIAN_POINT ( 'NONE',  ( -4.657499999999999751, 1.350000000000000089, 0.8100000000000008304 ) ) ;
#579 = ORIENTED_EDGE ( 'NONE', *, *, #983, .F. ) ;
#580 = DIRECTION ( 'NONE',  ( 0.000000000000000000, 1.000000000000000000, -0.000000000000000000 ) ) ;
#581 = DIRECTION ( 'NONE',  ( -0.000000000000000000, 1.000000000000000000, 0.000000000000000000 ) ) ;
#582 = FACE_OUTER_BOUND ( 'NONE', #1225, .T. ) ;
#583 = VECTOR ( 'NONE', #725, 1000.000000000000000 ) ;
#584 = DIRECTION ( 'NONE',  ( -0.000000000000000000, -0.000000000000000000, -1.000000000000000000 ) ) ;
#585 = CIRCLE ( 'NONE', #359, 0.3175000000000000600 ) ;
#586 = PRODUCT_RELATED_PRODUCT_CATEGORY ( 'part', '', ( #185 ) ) ;
#587 = DIRECTION ( 'NONE',  ( -0.000000000000000000, -0.000000000000000000, -1.000000000000000000 ) ) ;
#588 = EDGE_CURVE ( 'NONE', #1237, #700, #1006, .T. ) ;
#589 = FACE_OUTER_BOUND ( 'NONE', #1124, .T. ) ;
#590 =( LENGTH_UNIT ( ) NAMED_UNIT ( * ) SI_UNIT ( .MILLI., .METRE. ) );
#591 = ORIENTED_EDGE ( 'NONE', *, *, #617, .F. ) ;
#592 = CARTESIAN_POINT ( 'NONE',  ( -0.3424999999999999156, 1.350000000000000089, -2.810000000000000053 ) ) ;
#593 = APPLICATION_CONTEXT ( 'automotive_design' ) ;
#594 = DIRECTION ( 'NONE',  ( 0.000000000000000000, 0.000000000000000000, 1.000000000000000000 ) ) ;
#595 = EDGE_CURVE ( 'NONE', #446, #872, #902, .T. ) ;
#596 = DIRECTION ( 'NONE',  ( -1.000000000000000000, 0.000000000000000000, 0.000000000000000000 ) ) ;
#597 = DIRECTION ( 'NONE',  ( 1.000000000000000000, 0.000000000000000000, -0.000000000000000000 ) ) ;
#598 = ORIENTED_EDGE ( 'NONE', *, *, #1182, .F. ) ;
#599 = SHAPE_REPRESENTATION ( 'SMBJ58CA-13-F_1', ( #1243 ), #361 ) ;
#600 = DIRECTION ( 'NONE',  ( 1.000000000000000000, -8.593719175608214339E-18, -4.873740332352685259E-17 ) ) ;
#601 = DIRECTION ( 'NONE',  ( 1.000000000000000000, 0.000000000000000000, -0.000000000000000000 ) ) ;
#602 = DIRECTION ( 'NONE',  ( -1.000000000000000000, 0.000000000000000000, 0.000000000000000000 ) ) ;
#603 = CARTESIAN_POINT ( 'NONE',  ( 1.966731839571510987, 0.2681000000000000605, 2.619231839571511067 ) ) ;
#604 = ADVANCED_BREP_SHAPE_REPRESENTATION ( '', ( #820, #1243 ), #361 ) ;
#605 = EDGE_CURVE ( 'NONE', #660, #556, #798, .T. ) ;
#606 = ORIENTED_EDGE ( 'NONE', *, *, #83, .T. ) ;
#607 = AXIS2_PLACEMENT_3D ( 'NONE', #532, #860, #324 ) ;
#608 = CARTESIAN_POINT ( 'NONE',  ( 2.647500000000000409, 0.3175000000000001155, 1.042499999999999982 ) ) ;
#609 = VECTOR ( 'NONE', #165, 1000.000000000000114 ) ;
#610 = AXIS2_PLACEMENT_3D ( 'NONE', #1011, #1017, #892 ) ;
#611 = AXIS2_PLACEMENT_3D ( 'NONE', #391, #601, #501 ) ;
#612 = CARTESIAN_POINT ( 'NONE',  ( 2.330000000000000515, 1.032499999999999973, 1.417499999999999982 ) ) ;
#613 = COLOUR_RGB ( '',0.2509803921568627416, 0.2509803921568627416, 0.2509803921568627416 ) ;
#614 = PLANE ( 'NONE',  #737 ) ;
#615 =( GEOMETRIC_REPRESENTATION_CONTEXT ( 3 ) GLOBAL_UNCERTAINTY_ASSIGNED_CONTEXT ( ( #761 ) ) GLOBAL_UNIT_ASSIGNED_CONTEXT ( ( #199, #1242, #208 ) ) REPRESENTATION_CONTEXT ( 'NONE', 'WORKASPACE' ) );
#616 = ORIENTED_EDGE ( 'NONE', *, *, #10, .F. ) ;
#617 = EDGE_CURVE ( 'NONE', #754, #509, #908, .T. ) ;
#618 = ORIENTED_EDGE ( 'NONE', *, *, #440, .F. ) ;
#619 = CARTESIAN_POINT ( 'NONE',  ( 2.647500000000000409, 1.032499999999999973, 1.417499999999999982 ) ) ;
#620 = CARTESIAN_POINT ( 'NONE',  ( -2.417500000000000426, 1.032499999999999973, -1.417499999999999982 ) ) ;
#621 = CARTESIAN_POINT ( 'NONE',  ( 2.330000000000000515, 0.3175000000000000600, 1.042499999999999982 ) ) ;
#622 = ORIENTED_EDGE ( 'NONE', *, *, #890, .T. ) ;
#623 = VERTEX_POINT ( 'NONE', #82 ) ;
#624 = LINE ( 'NONE', #608, #758 ) ;
#625 = EDGE_CURVE ( 'NONE', #395, #1181, #418, .T. ) ;
#626 = CARTESIAN_POINT ( 'NONE',  ( -1.507500000000000284, 0.000000000000000000, 1.042499999999999982 ) ) ;
#627 = CARTESIAN_POINT ( 'NONE',  ( 2.330000000000000515, 1.032499999999999973, -1.417499999999999982 ) ) ;
#628 = ORIENTED_EDGE ( 'NONE', *, *, #293, .T. ) ;
#629 = VERTEX_POINT ( 'NONE', #620 ) ;
#630 = DIRECTION ( 'NONE',  ( 0.000000000000000000, 0.000000000000000000, 1.000000000000000000 ) ) ;
#631 = CIRCLE ( 'NONE', #356, 0.3175000000000000600 ) ;
#632 = LINE ( 'NONE', #1046, #540 ) ;
#633 = VECTOR ( 'NONE', #249, 1000.000000000000000 ) ;
#634 = AXIS2_PLACEMENT_3D ( 'NONE', #703, #932, #722 ) ;
#635 = CARTESIAN_POINT ( 'NONE',  ( 0.7500000000000004441, 0.2000000000000000389, 2.607223972185265026 ) ) ;
#636 = VECTOR ( 'NONE', #1303, 1000.000000000000000 ) ;
#637 = ORIENTED_EDGE ( 'NONE', *, *, #215, .T. ) ;
#638 = VERTEX_POINT ( 'NONE', #837 ) ;
#639 = CARTESIAN_POINT ( 'NONE',  ( 0.7500000000000004441, 0.2000000000000000944, -2.607223972185264582 ) ) ;
#640 = SHAPE_REPRESENTATION ( 'SMBJ58CA-13-F', ( #1243 ), #180 ) ;
#641 = DIRECTION ( 'NONE',  ( -0.000000000000000000, -0.000000000000000000, -1.000000000000000000 ) ) ;
#642 = ADVANCED_FACE ( 'NONE', ( #1251 ), #1031, .F. ) ;
#643 = ORIENTED_EDGE ( 'NONE', *, *, #1013, .F. ) ;
#644 = VERTEX_POINT ( 'NONE', #76 ) ;
#645 = CARTESIAN_POINT ( 'NONE',  ( -2.417500000000000426, 1.032499999999999973, 1.042499999999999982 ) ) ;
#646 = DIRECTION ( 'NONE',  ( -0.000000000000000000, -0.000000000000000000, -1.000000000000000000 ) ) ;
#647 = DIRECTION ( 'NONE',  ( 0.000000000000000000, 0.000000000000000000, -1.000000000000000000 ) ) ;
#648 = DIRECTION ( 'NONE',  ( 0.000000000000000000, 1.000000000000000000, -0.000000000000000000 ) ) ;
#649 = ORIENTED_EDGE ( 'NONE', *, *, #498, .F. ) ;
#650 = LINE ( 'NONE', #774, #801 ) ;
#651 = EDGE_CURVE ( 'NONE', #1237, #463, #1345, .T. ) ;
#652 = LINE ( 'NONE', #122, #177 ) ;
#653 = APPLICATION_PROTOCOL_DEFINITION ( 'draft international standard', 'automotive_design', 1998, #1111 ) ;
#654 = ORIENTED_EDGE ( 'NONE', *, *, #75, .T. ) ;
#655 = AXIS2_PLACEMENT_3D ( 'NONE', #513, #1352, #1126 ) ;
#656 = VERTEX_POINT ( 'NONE', #708 ) ;
#657 = ADVANCED_FACE ( 'NONE', ( #506 ), #494, .F. ) ;
#658 = SURFACE_STYLE_FILL_AREA ( #852 ) ;
#659 = DIRECTION ( 'NONE',  ( 4.948925632891791843E-17, -0.1736481776669307198, 0.9848077530122080203 ) ) ;
#660 = VERTEX_POINT ( 'NONE', #925 ) ;
#661 = EDGE_LOOP ( 'NONE', ( #321, #866, #355, #1193 ) ) ;
#662 =( LENGTH_UNIT ( ) NAMED_UNIT ( * ) SI_UNIT ( .MILLI., .METRE. ) );
#663 = CARTESIAN_POINT ( 'NONE',  ( -2.330000000000000515, 0.2299999999999999545, -1.417499999999999982 ) ) ;
#664 = ORIENTED_EDGE ( 'NONE', *, *, #1037, .T. ) ;
#665 = ORIENTED_EDGE ( 'NONE', *, *, #465, .F. ) ;
#666 = DIRECTION ( 'NONE',  ( -0.9848077530122080203, -0.1736481776669307198, 0.000000000000000000 ) ) ;
#667 = ITEM_DEFINED_TRANSFORMATION ( 'NONE', 'NONE', #809,  #1243 ) ;
#668 = EDGE_CURVE ( 'NONE', #1248, #187, #61, .T. ) ;
#669 = DIRECTION ( 'NONE',  ( -1.000000000000000000, 6.361040144623282721E-16, 0.000000000000000000 ) ) ;
#670 = DIRECTION ( 'NONE',  ( 0.000000000000000000, -0.000000000000000000, 1.000000000000000000 ) ) ;
#671 = AXIS2_PLACEMENT_3D ( 'NONE', #699, #168, #1342 ) ;
#672 = VECTOR ( 'NONE', #1082, 1000.000000000000000 ) ;
#673 = EDGE_LOOP ( 'NONE', ( #555, #598, #1214, #1050 ) ) ;
#674 = DIRECTION ( 'NONE',  ( 1.000000000000000000, 0.000000000000000000, 0.000000000000000000 ) ) ;
#675 = ORIENTED_EDGE ( 'NONE', *, *, #991, .F. ) ;
#676 = CARTESIAN_POINT ( 'NONE',  ( 2.647500000000000409, 1.032499999999999973, -1.417499999999999982 ) ) ;
#677 = DIRECTION ( 'NONE',  ( 0.000000000000000000, -0.000000000000000000, -1.000000000000000000 ) ) ;
#678 = DIRECTION ( 'NONE',  ( -1.782154682279576065E-16, 1.000000000000000000, 0.000000000000000000 ) ) ;
#679 = ADVANCED_FACE ( 'NONE', ( #823 ), #412, .F. ) ;
#680 = ORIENTED_EDGE ( 'NONE', *, *, #943, .T. ) ;
#681 = FACE_OUTER_BOUND ( 'NONE', #153, .T. ) ;
#682 = VERTEX_POINT ( 'NONE', #727 ) ;
#683 = CARTESIAN_POINT ( 'NONE',  ( -4.466731839571509433, 0.2680999999999996719, -2.619231839571511067 ) ) ;
#684 = DIRECTION ( 'NONE',  ( 1.000000000000000000, 0.000000000000000000, 0.000000000000000000 ) ) ;
#685 = CARTESIAN_POINT ( 'NONE',  ( 0.000000000000000000, 0.000000000000000000, 0.000000000000000000 ) ) ;
#686 = PRODUCT_RELATED_PRODUCT_CATEGORY ( 'part', '', ( #160 ) ) ;
#687 = ORIENTED_EDGE ( 'NONE', *, *, #668, .F. ) ;
#688 = CARTESIAN_POINT ( 'NONE',  ( -1.507500000000000284, 0.2299999999999999545, 1.417499999999999982 ) ) ;
#689 = PRODUCT_DEFINITION_SHAPE ( 'NONE', 'NONE',  #746 ) ;
#690 = VERTEX_POINT ( 'NONE', #1258 ) ;
#691 = DIRECTION ( 'NONE',  ( -0.000000000000000000, 0.000000000000000000, 1.000000000000000000 ) ) ;
#692 = CARTESIAN_POINT ( 'NONE',  ( 2.330000000000000515, 1.119999999999999885, -1.417499999999999982 ) ) ;
#693 = VECTOR ( 'NONE', #350, 1000.000000000000341 ) ;
#694 = DIRECTION ( 'NONE',  ( 0.000000000000000000, 0.000000000000000000, -1.000000000000000000 ) ) ;
#695 = VECTOR ( 'NONE', #149, 1000.000000000000000 ) ;
#696 = ADVANCED_FACE ( 'NONE', ( #288 ), #947, .T. ) ;
#697 = CARTESIAN_POINT ( 'NONE',  ( 1.507500000000000284, 0.000000000000000000, 1.042499999999999982 ) ) ;
#698 = FACE_OUTER_BOUND ( 'NONE', #142, .T. ) ;
#699 = CARTESIAN_POINT ( 'NONE',  ( 2.330000000000000515, 0.000000000000000000, 1.042499999999999982 ) ) ;
#700 = VERTEX_POINT ( 'NONE', #1240 ) ;
#701 = CARTESIAN_POINT ( 'NONE',  ( 2.330000000000000515, 0.000000000000000000, 1.042499999999999982 ) ) ;
#702 = EDGE_CURVE ( 'NONE', #644, #1028, #585, .T. ) ;
#703 = CARTESIAN_POINT ( 'NONE',  ( -2.500000000000000000, 0.2000000000000000944, -1.000000000000000000 ) ) ;
#704 = DIRECTION ( 'NONE',  ( -0.000000000000000000, -0.000000000000000000, 1.000000000000000000 ) ) ;
#705 = DIRECTION ( 'NONE',  ( 0.000000000000000000, -0.000000000000000000, -1.000000000000000000 ) ) ;
#706 = VERTEX_POINT ( 'NONE', #844 ) ;
#707 = CARTESIAN_POINT ( 'NONE',  ( 1.507500000000000284, 0.000000000000000000, -1.417499999999999982 ) ) ;
#708 = CARTESIAN_POINT ( 'NONE',  ( -4.657499999999998863, 1.350000000000000089, 2.810000000000000941 ) ) ;
#709 = CARTESIAN_POINT ( 'NONE',  ( -2.116944794437053190, 1.120000000000000329, 1.042499999999999982 ) ) ;
#710 = DIRECTION ( 'NONE',  ( -1.000000000000000000, 0.000000000000000000, 0.000000000000000000 ) ) ;
#711 = EDGE_LOOP ( 'NONE', ( #1171, #730, #569, #285 ) ) ;
#712 = AXIS2_PLACEMENT_3D ( 'NONE', #714, #923, #286 ) ;
#713 = ORIENTED_EDGE ( 'NONE', *, *, #1328, .T. ) ;
#714 = CARTESIAN_POINT ( 'NONE',  ( -2.330000000000000515, 1.032499999999999973, 1.417499999999999982 ) ) ;
#715 = AXIS2_PLACEMENT_3D ( 'NONE', #475, #1108, #684 ) ;
#716 = AXIS2_PLACEMENT_3D ( 'NONE', #320, #978, #1170 ) ;
#717 = DIRECTION ( 'NONE',  ( -0.9848077530122073542, -0.1736481776669349109, 0.000000000000000000 ) ) ;
#718 = LINE ( 'NONE', #1032, #1273 ) ;
#719 = EDGE_LOOP ( 'NONE', ( #335, #415, #579, #900 ) ) ;
#720 = EDGE_LOOP ( 'NONE', ( #235, #68, #576, #1069 ) ) ;
#721 = DIRECTION ( 'NONE',  ( 1.000000000000000000, 0.000000000000000000, -0.000000000000000000 ) ) ;
#722 = DIRECTION ( 'NONE',  ( 0.000000000000000000, -0.000000000000000000, 1.000000000000000000 ) ) ;
#723 = FACE_OUTER_BOUND ( 'NONE', #477, .T. ) ;
#724 = ORIENTED_EDGE ( 'NONE', *, *, #380, .T. ) ;
#725 = DIRECTION ( 'NONE',  ( -0.000000000000000000, -0.000000000000000000, 1.000000000000000000 ) ) ;
#726 = ADVANCED_FACE ( 'NONE', ( #1137 ), #191, .F. ) ;
#727 = CARTESIAN_POINT ( 'NONE',  ( 2.330000000000000515, 0.2299999999999999545, 1.417499999999999982 ) ) ;
#728 = LINE ( 'NONE', #920, #337 ) ;
#729 = CARTESIAN_POINT ( 'NONE',  ( 0.000000000000000000, 0.000000000000000000, 0.000000000000000000 ) ) ;
#730 = ORIENTED_EDGE ( 'NONE', *, *, #31, .T. ) ;
#731 =( REPRESENTATION_RELATIONSHIP ('NONE','NONE', #343, #640 ) REPRESENTATION_RELATIONSHIP_WITH_TRANSFORMATION ( #667 )SHAPE_REPRESENTATION_RELATIONSHIP( ) );
#732 = EDGE_LOOP ( 'NONE', ( #210, #1078, #87, #687 ) ) ;
#733 = LINE ( 'NONE', #1378, #1174 ) ;
#734 = AXIS2_PLACEMENT_3D ( 'NONE', #303, #717, #296 ) ;
#735 = CIRCLE ( 'NONE', #382, 0.08749999999999991118 ) ;
#736 = DIRECTION ( 'NONE',  ( 0.000000000000000000, -1.000000000000000000, 0.000000000000000000 ) ) ;
#737 = AXIS2_PLACEMENT_3D ( 'NONE', #77, #1127, #1052 ) ;
#738 = EDGE_CURVE ( 'NONE', #754, #827, #281, .T. ) ;
#739 = VECTOR ( 'NONE', #1293, 1000.000000000000000 ) ;
#740 = CARTESIAN_POINT ( 'NONE',  ( 2.157500000000000195, 1.350000000000000089, 0.8100000000000006084 ) ) ;
#741 = AXIS2_PLACEMENT_3D ( 'NONE', #105, #1284, #453 ) ;
#742 = ORIENTED_EDGE ( 'NONE', *, *, #617, .T. ) ;
#743 = ORIENTED_EDGE ( 'NONE', *, *, #796, .F. ) ;
#744 = FACE_OUTER_BOUND ( 'NONE', #922, .T. ) ;
#745 = PRESENTATION_STYLE_ASSIGNMENT (( #1291 ) ) ;
#746 = PRODUCT_DEFINITION ( 'UNKNOWN', '', #543, #11 ) ;
#747 = DIRECTION ( 'NONE',  ( 0.000000000000000000, 0.000000000000000000, 1.000000000000000000 ) ) ;
#748 = EDGE_CURVE ( 'NONE', #193, #1041, #174, .T. ) ;
#749 = VERTEX_POINT ( 'NONE', #1360 ) ;
#750 = ORIENTED_EDGE ( 'NONE', *, *, #1304, .T. ) ;
#751 = CARTESIAN_POINT ( 'NONE',  ( -1.507500000000000284, 0.2299999999999999545, 1.042499999999999982 ) ) ;
#752 = FILL_AREA_STYLE_COLOUR ( '', #613 ) ;
#753 = CARTESIAN_POINT ( 'NONE',  ( 1.966731839571510987, 0.2681000000000000605, -2.810000000000000053 ) ) ;
#754 = VERTEX_POINT ( 'NONE', #196 ) ;
#755 = EDGE_CURVE ( 'NONE', #170, #1041, #632, .T. ) ;
#756 = VERTEX_POINT ( 'NONE', #520 ) ;
#757 =( NAMED_UNIT ( * ) SI_UNIT ( $, .STERADIAN. ) SOLID_ANGLE_UNIT ( ) );
#758 = VECTOR ( 'NONE', #195, 1000.000000000000000 ) ;
#759 = CARTESIAN_POINT ( 'NONE',  ( -2.330000000000000515, 0.2299999999999999545, 1.417499999999999982 ) ) ;
#760 = PRODUCT_CONTEXT ( 'NONE', #1111, 'mechanical' ) ;
#761 = UNCERTAINTY_MEASURE_WITH_UNIT (LENGTH_MEASURE( 1.000000000000000082E-05 ), #199, 'distance_accuracy_value', 'NONE');
#762 = ORIENTED_EDGE ( 'NONE', *, *, #1288, .T. ) ;
#763 = AXIS2_PLACEMENT_3D ( 'NONE', #787, #1099, #384 ) ;
#764 = ORIENTED_EDGE ( 'NONE', *, *, #449, .F. ) ;
#765 = DIRECTION ( 'NONE',  ( 1.000000000000000000, 0.000000000000000000, -0.000000000000000000 ) ) ;
#766 =( NAMED_UNIT ( * ) SI_UNIT ( $, .STERADIAN. ) SOLID_ANGLE_UNIT ( ) );
#767 = VERTEX_POINT ( 'NONE', #1265 ) ;
#768 = ORIENTED_EDGE ( 'NONE', *, *, #999, .F. ) ;
#769 = CARTESIAN_POINT ( 'NONE',  ( -2.330000000000000515, 1.119999999999999885, 1.417499999999999982 ) ) ;
#770 = EDGE_CURVE ( 'NONE', #1028, #524, #1120, .T. ) ;
#771 = FACE_OUTER_BOUND ( 'NONE', #530, .T. ) ;
#772 = APPLICATION_PROTOCOL_DEFINITION ( 'draft international standard', 'automotive_design', 1998, #1180 ) ;
#773 = CARTESIAN_POINT ( 'NONE',  ( 2.647500000000000409, 0.3175000000000001155, -1.417499999999999982 ) ) ;
#774 = CARTESIAN_POINT ( 'NONE',  ( 1.507500000000000284, 0.2299999999999999545, 1.042499999999999982 ) ) ;
#775 = DIRECTION ( 'NONE',  ( 1.000000000000000000, -6.361040144623282721E-16, 0.000000000000000000 ) ) ;
#776 = EDGE_CURVE ( 'NONE', #913, #52, #16, .T. ) ;
#777 = DIRECTION ( 'NONE',  ( 1.000000000000000000, 0.000000000000000000, 0.000000000000000000 ) ) ;
#778 = DIRECTION ( 'NONE',  ( -1.000000000000000000, 0.000000000000000000, 0.000000000000000000 ) ) ;
#779 = LINE ( 'NONE', #946, #150 ) ;
#780 = AXIS2_PLACEMENT_3D ( 'NONE', #1329, #630, #814 ) ;
#781 = CIRCLE ( 'NONE', #15, 0.3175000000000000600 ) ;
#782 = AXIS2_PLACEMENT_3D ( 'NONE', #753, #115, #445 ) ;
#783 = ORIENTED_EDGE ( 'NONE', *, *, #41, .T. ) ;
#784 = AXIS2_PLACEMENT_3D ( 'NONE', #358, #566, #366 ) ;
#785 = LINE ( 'NONE', #53, #1374 ) ;
#786 = ORIENTED_EDGE ( 'NONE', *, *, #398, .T. ) ;
#787 = CARTESIAN_POINT ( 'NONE',  ( -2.330000000000000515, 1.032499999999999973, -1.417499999999999982 ) ) ;
#788 = CARTESIAN_POINT ( 'NONE',  ( 2.330000000000000515, 1.119999999999999885, 1.042499999999999982 ) ) ;
#789 = ADVANCED_FACE ( 'NONE', ( #1065 ), #557, .F. ) ;
#790 = ORIENTED_EDGE ( 'NONE', *, *, #1363, .T. ) ;
#791 = CARTESIAN_POINT ( 'NONE',  ( 2.330000000000000515, 1.032499999999999973, 1.042499999999999982 ) ) ;
#792 = CARTESIAN_POINT ( 'NONE',  ( 2.330000000000000515, 1.350000000000000089, -1.417499999999999982 ) ) ;
#793 = CARTESIAN_POINT ( 'NONE',  ( 2.116944794437052302, 1.120000000000000329, 1.417499999999999982 ) ) ;
#794 = CARTESIAN_POINT ( 'NONE',  ( -0.3424999999999999156, 0.2680999999999998384, -2.619231839571511955 ) ) ;
#795 = ORIENTED_EDGE ( 'NONE', *, *, #490, .T. ) ;
#796 = EDGE_CURVE ( 'NONE', #767, #227, #310, .T. ) ;
#797 = PLANE ( 'NONE',  #125 ) ;
#798 = LINE ( 'NONE', #1115, #450 ) ;
#799 = LINE ( 'NONE', #1221, #633 ) ;
#800 = DIRECTION ( 'NONE',  ( 0.000000000000000000, -0.000000000000000000, -1.000000000000000000 ) ) ;
#801 = VECTOR ( 'NONE', #670, 1000.000000000000000 ) ;
#802 = EDGE_LOOP ( 'NONE', ( #835, #1373, #1146, #1316 ) ) ;
#803 = VECTOR ( 'NONE', #942, 1000.000000000000000 ) ;
#804 = VECTOR ( 'NONE', #325, 1000.000000000000000 ) ;
#805 =( REPRESENTATION_RELATIONSHIP ('NONE','NONE', #343, #599 ) REPRESENTATION_RELATIONSHIP_WITH_TRANSFORMATION ( #1164 )SHAPE_REPRESENTATION_RELATIONSHIP( ) );
#806 = EDGE_CURVE ( 'NONE', #858, #821, #652, .T. ) ;
#807 = FACE_OUTER_BOUND ( 'NONE', #231, .T. ) ;
#808 = VECTOR ( 'NONE', #736, 1000.000000000000000 ) ;
#809 = AXIS2_PLACEMENT_3D ( 'NONE', #729, #1150, #1277 ) ;
#810 = LINE ( 'NONE', #139, #130 ) ;
#811 = MANIFOLD_SOLID_BREP ( 'Combine2', #243 ) ;
#812 = CARTESIAN_POINT ( 'NONE',  ( 1.507500000000000284, 0.2299999999999999545, -1.417499999999999982 ) ) ;
#813 = DIRECTION ( 'NONE',  ( -0.000000000000000000, -0.000000000000000000, -1.000000000000000000 ) ) ;
#814 = DIRECTION ( 'NONE',  ( 1.000000000000000000, 0.000000000000000000, 0.000000000000000000 ) ) ;
#815 = DIRECTION ( 'NONE',  ( -0.1710878697460358200, -0.9702875252478138091, 0.1710878697460358200 ) ) ;
#816 = EDGE_CURVE ( 'NONE', #344, #187, #544, .T. ) ;
#817 = LINE ( 'NONE', #413, #803 ) ;
#818 = DIRECTION ( 'NONE',  ( 0.000000000000000000, -0.000000000000000000, -1.000000000000000000 ) ) ;
#819 = ORIENTED_EDGE ( 'NONE', *, *, #924, .F. ) ;
#820 = MANIFOLD_SOLID_BREP ( 'Boss-Extrude2', #977 ) ;
#821 = VERTEX_POINT ( 'NONE', #550 ) ;
#822 = CARTESIAN_POINT ( 'NONE',  ( 1.966731839571510987, 0.2681000000000000605, -2.619231839571510623 ) ) ;
#823 = FACE_OUTER_BOUND ( 'NONE', #379, .T. ) ;
#824 = ADVANCED_FACE ( 'NONE', ( #98 ), #1162, .T. ) ;
#825 = DIRECTION ( 'NONE',  ( 0.000000000000000000, -0.000000000000000000, -1.000000000000000000 ) ) ;
#826 = ORIENTED_EDGE ( 'NONE', *, *, #498, .T. ) ;
#827 = VERTEX_POINT ( 'NONE', #1169 ) ;
#828 = DIRECTION ( 'NONE',  ( 0.1710878697460358200, 0.9702875252478138091, 0.1710878697460358200 ) ) ;
#829 = CIRCLE ( 'NONE', #1066, 0.08749999999999991118 ) ;
#830 = DIRECTION ( 'NONE',  ( 0.1736481776669348831, -0.9848077530122072432, 0.000000000000000000 ) ) ;
#831 = DIRECTION ( 'NONE',  ( 0.000000000000000000, 0.000000000000000000, -1.000000000000000000 ) ) ;
#832 = EDGE_CURVE ( 'NONE', #148, #821, #8, .T. ) ;
#833 = VERTEX_POINT ( 'NONE', #769 ) ;
#834 = EDGE_CURVE ( 'NONE', #858, #656, #1097, .T. ) ;
#835 = ORIENTED_EDGE ( 'NONE', *, *, #853, .F. ) ;
#836 = LINE ( 'NONE', #822, #222 ) ;
#837 = CARTESIAN_POINT ( 'NONE',  ( 1.954723972185264724, 2.499999999999999556, -2.607223972185265026 ) ) ;
#838 = LINE ( 'NONE', #1367, #563 ) ;
#839 = DIRECTION ( 'NONE',  ( 0.000000000000000000, 0.000000000000000000, 1.000000000000000000 ) ) ;
#840 = EDGE_LOOP ( 'NONE', ( #216, #429, #203, #443, #416, #1255, #1089, #871, #783, #713, #790, #606 ) ) ;
#841 = ADVANCED_FACE ( 'NONE', ( #1104 ), #129, .T. ) ;
#842 = ORIENTED_EDGE ( 'NONE', *, *, #276, .T. ) ;
#843 = DIRECTION ( 'NONE',  ( -1.000000000000000000, 0.000000000000000000, 0.000000000000000000 ) ) ;
#844 = CARTESIAN_POINT ( 'NONE',  ( -2.330000000000000515, 0.2299999999999999545, -1.417499999999999982 ) ) ;
#845 = DIRECTION ( 'NONE',  ( 0.000000000000000000, 0.000000000000000000, 1.000000000000000000 ) ) ;
#846 = ORIENTED_EDGE ( 'NONE', *, *, #1187, .T. ) ;
#847 = ORIENTED_EDGE ( 'NONE', *, *, #933, .T. ) ;
#848 = LINE ( 'NONE', #217, #1311 ) ;
#849 = AXIS2_PLACEMENT_3D ( 'NONE', #244, #584, #674 ) ;
#850 = ADVANCED_FACE ( 'NONE', ( #1309 ), #797, .T. ) ;
#851 = VECTOR ( 'NONE', #800, 1000.000000000000000 ) ;
#852 = FILL_AREA_STYLE ('',( #966 ) ) ;
#853 = EDGE_CURVE ( 'NONE', #1091, #1028, #46, .T. ) ;
#854 = CIRCLE ( 'NONE', #155, 0.3175000000000000600 ) ;
#855 = LINE ( 'NONE', #1163, #739 ) ;
#856 =( LENGTH_UNIT ( ) NAMED_UNIT ( * ) SI_UNIT ( .MILLI., .METRE. ) );
#857 =( GEOMETRIC_REPRESENTATION_CONTEXT ( 3 ) GLOBAL_UNCERTAINTY_ASSIGNED_CONTEXT ( ( #441 ) ) GLOBAL_UNIT_ASSIGNED_CONTEXT ( ( #662, #953, #444 ) ) REPRESENTATION_CONTEXT ( 'NONE', 'WORKASPACE' ) );
#858 = VERTEX_POINT ( 'NONE', #1009 ) ;
#859 = DIRECTION ( 'NONE',  ( 0.000000000000000000, -1.000000000000000000, 0.000000000000000000 ) ) ;
#860 = DIRECTION ( 'NONE',  ( 0.9848077530122080203, 0.1736481776669307198, -0.000000000000000000 ) ) ;
#861 = EDGE_CURVE ( 'NONE', #463, #1159, #348, .T. ) ;
#862 = CARTESIAN_POINT ( 'NONE',  ( 2.157500000000000195, 1.350000000000000089, 1.417499999999999982 ) ) ;
#863 = UNCERTAINTY_MEASURE_WITH_UNIT (LENGTH_MEASURE( 1.000000000000000082E-05 ), #590, 'distance_accuracy_value', 'NONE');
#864 = LINE ( 'NONE', #1179, #937 ) ;
#865 = DIRECTION ( 'NONE',  ( -0.1736481776669348831, -0.9848077530122072432, 0.000000000000000000 ) ) ;
#866 = ORIENTED_EDGE ( 'NONE', *, *, #351, .F. ) ;
#867 = EDGE_LOOP ( 'NONE', ( #665, #322, #1308, #497 ) ) ;
#868 = CONTEXT_DEPENDENT_SHAPE_REPRESENTATION ( #805, #1215 ) ;
#869 = AXIS2_PLACEMENT_3D ( 'NONE', #881, #368, #255 ) ;
#870 = PRODUCT_DEFINITION_CONTEXT ( 'detailed design', #451, 'design' ) ;
#871 = ORIENTED_EDGE ( 'NONE', *, *, #879, .T. ) ;
#872 = VERTEX_POINT ( 'NONE', #464 ) ;
#873 = EDGE_CURVE ( 'NONE', #1004, #1151, #1203, .T. ) ;
#874 = DIRECTION ( 'NONE',  ( -0.000000000000000000, 1.000000000000000000, 0.000000000000000000 ) ) ;
#875 = ORIENTED_EDGE ( 'NONE', *, *, #293, .F. ) ;
#876 = ORIENTED_EDGE ( 'NONE', *, *, #123, .F. ) ;
#877 = DIRECTION ( 'NONE',  ( 1.000000000000000000, 0.000000000000000000, 0.000000000000000000 ) ) ;
#878 = ORIENTED_EDGE ( 'NONE', *, *, #816, .F. ) ;
#879 = EDGE_CURVE ( 'NONE', #66, #1166, #37, .T. ) ;
#880 = LINE ( 'NONE', #993, #515 ) ;
#881 = CARTESIAN_POINT ( 'NONE',  ( -2.330000000000000515, 1.032499999999999973, 1.042499999999999982 ) ) ;
#882 = SHAPE_DEFINITION_REPRESENTATION ( #47, #343 ) ;
#883 = CARTESIAN_POINT ( 'NONE',  ( 1.507500000000000284, 0.2299999999999999545, 1.417499999999999982 ) ) ;
#884 = DIRECTION ( 'NONE',  ( -1.000000000000000000, 0.000000000000000000, 0.000000000000000000 ) ) ;
#885 = EDGE_LOOP ( 'NONE', ( #30, #221, #965, #1355 ) ) ;
#886 = CARTESIAN_POINT ( 'NONE',  ( -4.657499999999999751, 1.350000000000000089, 0.8100000000000008304 ) ) ;
#887 = PRODUCT_DEFINITION ( 'UNKNOWN', '', #387, #1 ) ;
#888 = EDGE_LOOP ( 'NONE', ( #549, #80, #1279, #178 ) ) ;
#889 = DIRECTION ( 'NONE',  ( 0.000000000000000000, 0.000000000000000000, 1.000000000000000000 ) ) ;
#890 = EDGE_CURVE ( 'NONE', #395, #1004, #253, .T. ) ;
#891 = VECTOR ( 'NONE', #147, 1000.000000000000227 ) ;
#892 = DIRECTION ( 'NONE',  ( 0.000000000000000000, 0.000000000000000000, 1.000000000000000000 ) ) ;
#893 = CIRCLE ( 'NONE', #1003, 0.08749999999999991118 ) ;
#894 = VERTEX_POINT ( 'NONE', #342 ) ;
#895 = CARTESIAN_POINT ( 'NONE',  ( 2.647500000000000409, 1.032499999999999973, 1.417499999999999982 ) ) ;
#896 = CARTESIAN_POINT ( 'NONE',  ( -2.417500000000000426, 0.3175000000000000600, 1.042499999999999982 ) ) ;
#897 = EDGE_CURVE ( 'NONE', #935, #833, #60, .T. ) ;
#898 = PLANE ( 'NONE',  #448 ) ;
#899 = DIRECTION ( 'NONE',  ( 0.000000000000000000, -1.000000000000000000, 0.000000000000000000 ) ) ;
#900 = ORIENTED_EDGE ( 'NONE', *, *, #197, .T. ) ;
#901 = FACE_OUTER_BOUND ( 'NONE', #888, .T. ) ;
#902 = LINE ( 'NONE', #246, #1247 ) ;
#903 = DIRECTION ( 'NONE',  ( 1.000000000000000000, 0.000000000000000000, 0.000000000000000000 ) ) ;
#904 = FACE_OUTER_BOUND ( 'NONE', #121, .T. ) ;
#905 = EDGE_CURVE ( 'NONE', #623, #72, #785, .T. ) ;
#906 = ORIENTED_EDGE ( 'NONE', *, *, #465, .T. ) ;
#907 = CARTESIAN_POINT ( 'NONE',  ( 2.330000000000000515, 0.000000000000000000, -1.417499999999999982 ) ) ;
#908 = LINE ( 'NONE', #183, #65 ) ;
#909 = CARTESIAN_POINT ( 'NONE',  ( 2.330000000000000515, 0.2299999999999999545, 1.417499999999999982 ) ) ;
#910 = DIRECTION ( 'NONE',  ( 1.000000000000000000, 0.000000000000000000, -0.000000000000000000 ) ) ;
#911 = VECTOR ( 'NONE', #373, 1000.000000000000000 ) ;
#912 = VECTOR ( 'NONE', #386, 1000.000000000000000 ) ;
#913 = VERTEX_POINT ( 'NONE', #25 ) ;
#914 = VECTOR ( 'NONE', #580, 1000.000000000000000 ) ;
#915 = ADVANCED_FACE ( 'NONE', ( #681 ), #143, .T. ) ;
#916 = DIRECTION ( 'NONE',  ( 1.000000000000000000, 0.000000000000000000, 0.000000000000000000 ) ) ;
#917 = PRESENTATION_LAYER_ASSIGNMENT (  '', '', ( #131 ) ) ;
#918 =( LENGTH_UNIT ( ) NAMED_UNIT ( * ) SI_UNIT ( .MILLI., .METRE. ) );
#919 = CARTESIAN_POINT ( 'NONE',  ( 2.647500000000000409, 1.032499999999999973, 1.042499999999999982 ) ) ;
#920 = CARTESIAN_POINT ( 'NONE',  ( -3.249999999999999556, 0.2000000000000000944, -2.607223972185264582 ) ) ;
#921 = DIRECTION ( 'NONE',  ( 0.000000000000000000, -1.000000000000000000, 0.000000000000000000 ) ) ;
#922 = EDGE_LOOP ( 'NONE', ( #929, #1358, #878, #1278 ) ) ;
#923 = DIRECTION ( 'NONE',  ( 0.000000000000000000, 0.000000000000000000, 1.000000000000000000 ) ) ;
#924 = EDGE_CURVE ( 'NONE', #292, #749, #159, .T. ) ;
#925 = CARTESIAN_POINT ( 'NONE',  ( -2.330000000000000515, 0.000000000000000000, -1.417499999999999982 ) ) ;
#926 = CARTESIAN_POINT ( 'NONE',  ( -4.657499999999999751, 1.350000000000000089, 0.8100000000000008304 ) ) ;
#927 = CARTESIAN_POINT ( 'NONE',  ( -2.500000000000000000, 0.000000000000000000, 0.000000000000000000 ) ) ;
#928 = ORIENTED_EDGE ( 'NONE', *, *, #551, .F. ) ;
#929 = ORIENTED_EDGE ( 'NONE', *, *, #943, .F. ) ;
#930 = CARTESIAN_POINT ( 'NONE',  ( 2.330000000000000515, 1.032499999999999973, -1.417499999999999982 ) ) ;
#931 = ADVANCED_FACE ( 'NONE', ( #572 ), #459, .T. ) ;
#932 = DIRECTION ( 'NONE',  ( 0.000000000000000000, 1.000000000000000000, 0.000000000000000000 ) ) ;
#933 = EDGE_CURVE ( 'NONE', #872, #395, #880, .T. ) ;
#934 = CARTESIAN_POINT ( 'NONE',  ( -2.330000000000000515, 0.000000000000000000, 1.042499999999999982 ) ) ;
#935 = VERTEX_POINT ( 'NONE', #472 ) ;
#936 = CIRCLE ( 'NONE', #976, 0.3175000000000000600 ) ;
#937 = VECTOR ( 'NONE', #226, 1000.000000000000000 ) ;
#938 = ORIENTED_EDGE ( 'NONE', *, *, #832, .T. ) ;
#939 = LINE ( 'NONE', #907, #127 ) ;
#940 = AXIS2_PLACEMENT_3D ( 'NONE', #934, #521, #1252 ) ;
#941 = CARTESIAN_POINT ( 'NONE',  ( 0.7500000000000004441, 0.2000000000000000944, 2.607223972185265026 ) ) ;
#942 = DIRECTION ( 'NONE',  ( 0.000000000000000000, -0.000000000000000000, 1.000000000000000000 ) ) ;
#943 = EDGE_CURVE ( 'NONE', #1248, #690, #259, .T. ) ;
#944 = ORIENTED_EDGE ( 'NONE', *, *, #796, .T. ) ;
#945 = ORIENTED_EDGE ( 'NONE', *, *, #806, .T. ) ;
#946 = CARTESIAN_POINT ( 'NONE',  ( -2.330000000000000515, 1.350000000000000089, 1.417499999999999982 ) ) ;
#947 = PLANE ( 'NONE',  #655 ) ;
#948 = CARTESIAN_POINT ( 'NONE',  ( -2.330000000000000515, 0.3175000000000000600, 1.417499999999999982 ) ) ;
#949 = EDGE_LOOP ( 'NONE', ( #388, #317, #1245, #567, #372, #1062, #1113, #1282, #1049, #876, #968, #762 ) ) ;
#950 = ADVANCED_FACE ( 'NONE', ( #901 ), #1323, .T. ) ;
#951 = ORIENTED_EDGE ( 'NONE', *, *, #897, .T. ) ;
#952 = FACE_OUTER_BOUND ( 'NONE', #867, .T. ) ;
#953 =( NAMED_UNIT ( * ) PLANE_ANGLE_UNIT ( ) SI_UNIT ( $, .RADIAN. ) );
#954 = LINE ( 'NONE', #663, #334 ) ;
#955 = CARTESIAN_POINT ( 'NONE',  ( 0.000000000000000000, 0.000000000000000000, 0.000000000000000000 ) ) ;
#956 = ORIENTED_EDGE ( 'NONE', *, *, #776, .F. ) ;
#957 = ORIENTED_EDGE ( 'NONE', *, *, #1295, .F. ) ;
#958 = CARTESIAN_POINT ( 'NONE',  ( -2.330000000000000515, 1.350000000000000089, 1.042499999999999982 ) ) ;
#959 = VECTOR ( 'NONE', #228, 1000.000000000000114 ) ;
#960 = PRESENTATION_STYLE_ASSIGNMENT (( #114 ) ) ;
#961 = VECTOR ( 'NONE', #865, 1000.000000000000114 ) ;
#962 = CARTESIAN_POINT ( 'NONE',  ( -4.454723972185264280, 2.499999999999999556, -2.607223972185264582 ) ) ;
#963 = APPLICATION_PROTOCOL_DEFINITION ( 'draft international standard', 'automotive_design', 1998, #593 ) ;
#964 = ORIENTED_EDGE ( 'NONE', *, *, #1207, .T. ) ;
#965 = ORIENTED_EDGE ( 'NONE', *, *, #651, .F. ) ;
#966 = FILL_AREA_STYLE_COLOUR ( '', #1330 ) ;
#967 = PRODUCT_RELATED_PRODUCT_CATEGORY ( 'part', '', ( #234 ) ) ;
#968 = ORIENTED_EDGE ( 'NONE', *, *, #560, .F. ) ;
#969 = EDGE_LOOP ( 'NONE', ( #1140, #1054, #33, #541 ) ) ;
#970 = SURFACE_STYLE_USAGE ( .BOTH. , #212 ) ;
#971 = CONTEXT_DEPENDENT_SHAPE_REPRESENTATION ( #731, #487 ) ;
#972 = ADVANCED_FACE ( 'NONE', ( #1035 ), #1044, .T. ) ;
#973 = ORIENTED_EDGE ( 'NONE', *, *, #755, .T. ) ;
#974 = VERTEX_POINT ( 'NONE', #511 ) ;
#975 = CARTESIAN_POINT ( 'NONE',  ( 2.330000000000000515, 0.2299999999999999545, -1.417499999999999982 ) ) ;
#976 = AXIS2_PLACEMENT_3D ( 'NONE', #1155, #1057, #1087 ) ;
#977 = CLOSED_SHELL ( 'NONE', ( #248, #1141, #972, #841, #523, #1121, #206, #349, #169, #1244, #789, #545, #726, #188 ) ) ;
#978 = DIRECTION ( 'NONE',  ( -0.000000000000000000, -0.000000000000000000, -1.000000000000000000 ) ) ;
#979 = APPLICATION_PROTOCOL_DEFINITION ( 'draft international standard', 'automotive_design', 1998, #451 ) ;
#980 = MECHANICAL_DESIGN_GEOMETRIC_PRESENTATION_REPRESENTATION (  '', ( #42 ), #1110 ) ;
#981 = DIRECTION ( 'NONE',  ( 6.361040144623282721E-16, 1.000000000000000000, 0.000000000000000000 ) ) ;
#982 = CARTESIAN_POINT ( 'NONE',  ( -2.157500000000000195, 1.350000000000000089, -1.417499999999999982 ) ) ;
#983 = EDGE_CURVE ( 'NONE', #227, #90, #447, .T. ) ;
#984 = AXIS2_PLACEMENT_3D ( 'NONE', #1053, #1267, #313 ) ;
#985 = CARTESIAN_POINT ( 'NONE',  ( -3.249999999999999556, 0.2680999999999996164, 2.619231839571511955 ) ) ;
#986 = PRODUCT ( 'SMBJ58CA-13-F', 'SMBJ58CA-13-F', '', ( #760 ) ) ;
#987 = ORIENTED_EDGE ( 'NONE', *, *, #1084, .F. ) ;
#988 = CARTESIAN_POINT ( 'NONE',  ( -2.647500000000000409, 1.032499999999999973, 1.417499999999999982 ) ) ;
#989 = ORIENTED_EDGE ( 'NONE', *, *, #832, .F. ) ;
#990 = LINE ( 'NONE', #1280, #267 ) ;
#991 = EDGE_CURVE ( 'NONE', #1370, #28, #427, .T. ) ;
#992 = EDGE_CURVE ( 'NONE', #1091, #72, #631, .T. ) ;
#993 = CARTESIAN_POINT ( 'NONE',  ( -4.466731839571510321, 0.2680999999999993944, 2.619231839571511067 ) ) ;
#994 = ORIENTED_EDGE ( 'NONE', *, *, #136, .T. ) ;
#995 = DIRECTION ( 'NONE',  ( -0.000000000000000000, -1.000000000000000000, 0.000000000000000000 ) ) ;
#996 = CYLINDRICAL_SURFACE ( 'NONE', #1356, 0.3175000000000000600 ) ;
#997 = LINE ( 'NONE', #1012, #1375 ) ;
#998 = DIRECTION ( 'NONE',  ( -1.000000000000000000, 0.000000000000000000, 0.000000000000000000 ) ) ;
#999 = EDGE_CURVE ( 'NONE', #1302, #137, #1351, .T. ) ;
#1000 = LINE ( 'NONE', #474, #1083 ) ;
#1001 = FACE_OUTER_BOUND ( 'NONE', #711, .T. ) ;
#1002 = CYLINDRICAL_SURFACE ( 'NONE', #1080, 0.3175000000000000600 ) ;
#1003 = AXIS2_PLACEMENT_3D ( 'NONE', #948, #1048, #1039 ) ;
#1004 = VERTEX_POINT ( 'NONE', #1239 ) ;
#1005 = DIRECTION ( 'NONE',  ( 0.000000000000000000, -0.9848077530122072432, -0.1736481776669343280 ) ) ;
#1006 = LINE ( 'NONE', #1197, #1045 ) ;
#1007 = CARTESIAN_POINT ( 'NONE',  ( -0.3424999999999999156, 1.350000000000000089, -2.810000000000000053 ) ) ;
#1008 = ORIENTED_EDGE ( 'NONE', *, *, #390, .F. ) ;
#1009 = CARTESIAN_POINT ( 'NONE',  ( -4.454723972185263392, 2.500000000000000444, 2.607223972185265470 ) ) ;
#1010 = LINE ( 'NONE', #697, #672 ) ;
#1011 = CARTESIAN_POINT ( 'NONE',  ( 0.7500000000000004441, 0.2681000000000000605, -2.810000000000000053 ) ) ;
#1012 = CARTESIAN_POINT ( 'NONE',  ( 1.954723972185264724, 2.500000000000000000, -2.607223972185265026 ) ) ;
#1013 = EDGE_CURVE ( 'NONE', #656, #148, #389, .T. ) ;
#1014 = EDGE_LOOP ( 'NONE', ( #58, #764, #1364, #1343 ) ) ;
#1015 = PLANE ( 'NONE',  #1106 ) ;
#1016 = DIRECTION ( 'NONE',  ( -1.000000000000000000, 0.000000000000000000, 0.000000000000000000 ) ) ;
#1017 = DIRECTION ( 'NONE',  ( -1.000000000000000000, 0.000000000000000000, 0.000000000000000000 ) ) ;
#1018 = CARTESIAN_POINT ( 'NONE',  ( -2.417500000000000426, 0.3175000000000000600, -1.417499999999999982 ) ) ;
#1019 = AXIS2_PLACEMENT_3D ( 'NONE', #525, #250, #1094 ) ;
#1020 = VERTEX_POINT ( 'NONE', #707 ) ;
#1021 = EDGE_CURVE ( 'NONE', #767, #100, #1134, .T. ) ;
#1022 = AXIS2_PLACEMENT_3D ( 'NONE', #919, #1016, #397 ) ;
#1023 = DIRECTION ( 'NONE',  ( 0.9848077530122073542, -0.1736481776669349109, 0.000000000000000000 ) ) ;
#1024 = STYLED_ITEM ( 'NONE', ( #745 ), #820 ) ;
#1025 = CARTESIAN_POINT ( 'NONE',  ( -3.249999999999999556, 0.2680999999999996164, -2.810000000000000053 ) ) ;
#1026 = DIRECTION ( 'NONE',  ( 0.000000000000000000, -0.9848077530122086864, 0.1736481776669272226 ) ) ;
#1027 = ORIENTED_EDGE ( 'NONE', *, *, #1021, .T. ) ;
#1028 = VERTEX_POINT ( 'NONE', #619 ) ;
#1029 = DIRECTION ( 'NONE',  ( 0.000000000000000000, 0.000000000000000000, 1.000000000000000000 ) ) ;
#1030 = EDGE_CURVE ( 'NONE', #1068, #137, #69, .T. ) ;
#1031 = PLANE ( 'NONE',  #611 ) ;
#1032 = CARTESIAN_POINT ( 'NONE',  ( -2.157500000000000195, 1.350000000000000089, 1.417499999999999982 ) ) ;
#1033 = ORIENTED_EDGE ( 'NONE', *, *, #1037, .F. ) ;
#1034 = EDGE_LOOP ( 'NONE', ( #504, #989, #117, #957 ) ) ;
#1035 = FACE_OUTER_BOUND ( 'NONE', #1322, .T. ) ;
#1036 = DIRECTION ( 'NONE',  ( -1.000000000000000000, -1.718743835121642868E-17, 9.747480664705370517E-17 ) ) ;
#1037 = EDGE_CURVE ( 'NONE', #72, #1370, #280, .T. ) ;
#1038 =( REPRESENTATION_RELATIONSHIP ('NONE','NONE', #343, #112 ) REPRESENTATION_RELATIONSHIP_WITH_TRANSFORMATION ( #238 )SHAPE_REPRESENTATION_RELATIONSHIP( ) );
#1039 = DIRECTION ( 'NONE',  ( 1.000000000000000000, 0.000000000000000000, 0.000000000000000000 ) ) ;
#1040 =( NAMED_UNIT ( * ) PLANE_ANGLE_UNIT ( ) SI_UNIT ( $, .RADIAN. ) );
#1041 = VERTEX_POINT ( 'NONE', #401 ) ;
#1042 = VECTOR ( 'NONE', #1335, 1000.000000000000000 ) ;
#1043 = ORIENTED_EDGE ( 'NONE', *, *, #1198, .T. ) ;
#1044 = PLANE ( 'NONE',  #712 ) ;
#1045 = VECTOR ( 'NONE', #479, 1000.000000000000000 ) ;
#1046 = CARTESIAN_POINT ( 'NONE',  ( 0.7500000000000004441, 0.2681000000000000605, -2.810000000000000053 ) ) ;
#1047 = EDGE_CURVE ( 'NONE', #1271, #706, #14, .T. ) ;
#1048 = DIRECTION ( 'NONE',  ( -0.000000000000000000, -0.000000000000000000, -1.000000000000000000 ) ) ;
#1049 = ORIENTED_EDGE ( 'NONE', *, *, #1207, .F. ) ;
#1050 = ORIENTED_EDGE ( 'NONE', *, *, #577, .T. ) ;
#1051 = LINE ( 'NONE', #423, #1195 ) ;
#1052 = DIRECTION ( 'NONE',  ( -0.000000000000000000, 0.000000000000000000, -1.000000000000000000 ) ) ;
#1053 = CARTESIAN_POINT ( 'NONE',  ( 0.000000000000000000, 0.000000000000000000, 0.000000000000000000 ) ) ;
#1054 = ORIENTED_EDGE ( 'NONE', *, *, #933, .F. ) ;
#1055 = EDGE_CURVE ( 'NONE', #483, #148, #396, .T. ) ;
#1056 = ORIENTED_EDGE ( 'NONE', *, *, #341, .T. ) ;
#1057 = DIRECTION ( 'NONE',  ( 0.000000000000000000, 0.000000000000000000, 1.000000000000000000 ) ) ;
#1058 = PLANE ( 'NONE',  #564 ) ;
#1059 = UNCERTAINTY_MEASURE_WITH_UNIT (LENGTH_MEASURE( 1.000000000000000082E-05 ), #1253, 'distance_accuracy_value', 'NONE');
#1060 = ORIENTED_EDGE ( 'NONE', *, *, #152, .F. ) ;
#1061 = ADVANCED_FACE ( 'NONE', ( #1232 ), #1015, .T. ) ;
#1062 = ORIENTED_EDGE ( 'NONE', *, *, #435, .F. ) ;
#1063 = DIRECTION ( 'NONE',  ( -0.000000000000000000, 0.000000000000000000, -1.000000000000000000 ) ) ;
#1064 = VECTOR ( 'NONE', #597, 1000.000000000000000 ) ;
#1065 = FACE_OUTER_BOUND ( 'NONE', #73, .T. ) ;
#1066 = AXIS2_PLACEMENT_3D ( 'NONE', #436, #747, #1177 ) ;
#1067 =( NAMED_UNIT ( * ) PLANE_ANGLE_UNIT ( ) SI_UNIT ( $, .RADIAN. ) );
#1068 = VERTEX_POINT ( 'NONE', #190 ) ;
#1069 = ORIENTED_EDGE ( 'NONE', *, *, #1071, .F. ) ;
#1070 =( NAMED_UNIT ( * ) PLANE_ANGLE_UNIT ( ) SI_UNIT ( $, .RADIAN. ) );
#1071 = EDGE_CURVE ( 'NONE', #509, #170, #836, .T. ) ;
#1072 = CARTESIAN_POINT ( 'NONE',  ( -4.454723972185263392, 2.500000000000000000, -1.000000000000000000 ) ) ;
#1073 = ORIENTED_EDGE ( 'NONE', *, *, #1233, .F. ) ;
#1074 = CARTESIAN_POINT ( 'NONE',  ( -1.507500000000000284, 1.032499999999999973, -1.417499999999999982 ) ) ;
#1075 = EDGE_CURVE ( 'NONE', #28, #1091, #624, .T. ) ;
#1076 = LINE ( 'NONE', #1189, #804 ) ;
#1077 = EDGE_LOOP ( 'NONE', ( #340, #209, #503, #591 ) ) ;
#1078 = ORIENTED_EDGE ( 'NONE', *, *, #605, .F. ) ;
#1079 = DIRECTION ( 'NONE',  ( -0.1710878697460356257, -0.9702875252478138091, 0.1710878697460357922 ) ) ;
#1080 = AXIS2_PLACEMENT_3D ( 'NONE', #141, #56, #710 ) ;
#1081 = EDGE_LOOP ( 'NONE', ( #964, #408, #279, #1210 ) ) ;
#1082 = DIRECTION ( 'NONE',  ( 0.000000000000000000, -0.000000000000000000, 1.000000000000000000 ) ) ;
#1083 = VECTOR ( 'NONE', #889, 1000.000000000000000 ) ;
#1084 = EDGE_CURVE ( 'NONE', #1370, #1020, #939, .T. ) ;
#1085 = ORIENTED_EDGE ( 'NONE', *, *, #251, .T. ) ;
#1086 = MECHANICAL_DESIGN_GEOMETRIC_PRESENTATION_REPRESENTATION (  '', ( #131 ), #857 ) ;
#1087 = DIRECTION ( 'NONE',  ( 1.000000000000000000, 0.000000000000000000, 0.000000000000000000 ) ) ;
#1088 = VECTOR ( 'NONE', #1079, 1000.000000000000227 ) ;
#1089 = ORIENTED_EDGE ( 'NONE', *, *, #336, .T. ) ;
#1090 = CARTESIAN_POINT ( 'NONE',  ( -2.647500000000000409, 1.032499999999999973, 1.042499999999999982 ) ) ;
#1091 = VERTEX_POINT ( 'NONE', #381 ) ;
#1092 = DIRECTION ( 'NONE',  ( -1.000000000000000000, 0.000000000000000000, 0.000000000000000000 ) ) ;
#1093 = CARTESIAN_POINT ( 'NONE',  ( 2.157500000000000195, 1.350000000000000089, -1.417499999999999982 ) ) ;
#1094 = DIRECTION ( 'NONE',  ( 0.000000000000000000, -0.9848077530122080203, 0.1736481776669307198 ) ) ;
#1095 = ORIENTED_EDGE ( 'NONE', *, *, #897, .F. ) ;
#1096 = ADVANCED_FACE ( 'NONE', ( #807 ), #1125, .F. ) ;
#1097 = LINE ( 'NONE', #32, #1088 ) ;
#1098 = ORIENTED_EDGE ( 'NONE', *, *, #806, .F. ) ;
#1099 = DIRECTION ( 'NONE',  ( 0.000000000000000000, 0.000000000000000000, 1.000000000000000000 ) ) ;
#1100 = CARTESIAN_POINT ( 'NONE',  ( 1.507500000000000284, 1.032499999999999973, -1.417499999999999982 ) ) ;
#1101 = CARTESIAN_POINT ( 'NONE',  ( -2.330000000000000515, 1.350000000000000089, -1.417499999999999982 ) ) ;
#1102 = ORIENTED_EDGE ( 'NONE', *, *, #236, .T. ) ;
#1103 = EDGE_CURVE ( 'NONE', #629, #1271, #1226, .T. ) ;
#1104 = FACE_OUTER_BOUND ( 'NONE', #1081, .T. ) ;
#1105 = FACE_OUTER_BOUND ( 'NONE', #107, .T. ) ;
#1106 = AXIS2_PLACEMENT_3D ( 'NONE', #295, #1142, #721 ) ;
#1107 = VECTOR ( 'NONE', #602, 1000.000000000000000 ) ;
#1108 = DIRECTION ( 'NONE',  ( -0.000000000000000000, -0.000000000000000000, -1.000000000000000000 ) ) ;
#1109 = DIRECTION ( 'NONE',  ( 0.000000000000000000, -1.000000000000000000, 0.000000000000000000 ) ) ;
#1110 =( GEOMETRIC_REPRESENTATION_CONTEXT ( 3 ) GLOBAL_UNCERTAINTY_ASSIGNED_CONTEXT ( ( #213 ) ) GLOBAL_UNIT_ASSIGNED_CONTEXT ( ( #552, #1067, #766 ) ) REPRESENTATION_CONTEXT ( 'NONE', 'WORKASPACE' ) );
#1111 = APPLICATION_CONTEXT ( 'automotive_design' ) ;
#1112 = AXIS2_PLACEMENT_3D ( 'NONE', #106, #527, #647 ) ;
#1113 = ORIENTED_EDGE ( 'NONE', *, *, #816, .T. ) ;
#1114 = CARTESIAN_POINT ( 'NONE',  ( -3.249999999999999556, 0.2000000000000000944, -2.810000000000000053 ) ) ;
#1115 = CARTESIAN_POINT ( 'NONE',  ( -2.330000000000000515, 0.000000000000000000, 1.042499999999999982 ) ) ;
#1116 = DIRECTION ( 'NONE',  ( -0.000000000000000000, -0.000000000000000000, -1.000000000000000000 ) ) ;
#1117 = CARTESIAN_POINT ( 'NONE',  ( 2.417500000000000426, 1.032499999999999973, 1.417499999999999982 ) ) ;
#1118 = ORIENTED_EDGE ( 'NONE', *, *, #1055, .T. ) ;
#1119 = CARTESIAN_POINT ( 'NONE',  ( 2.108405813704264276, 1.071573033812077247, -1.417499999999999982 ) ) ;
#1120 = LINE ( 'NONE', #166, #1269 ) ;
#1121 = ADVANCED_FACE ( 'NONE', ( #308 ), #318, .F. ) ;
#1122 = PLANE ( 'NONE',  #1290 ) ;
#1123 = LINE ( 'NONE', #1101, #108 ) ;
#1124 = EDGE_LOOP ( 'NONE', ( #973, #522, #301, #327 ) ) ;
#1125 = PLANE ( 'NONE',  #536 ) ;
#1126 = DIRECTION ( 'NONE',  ( 0.000000000000000000, -0.000000000000000000, 1.000000000000000000 ) ) ;
#1127 = DIRECTION ( 'NONE',  ( 1.000000000000000000, 0.000000000000000000, -0.000000000000000000 ) ) ;
#1128 = PRODUCT_RELATED_PRODUCT_CATEGORY ( 'part', '', ( #986 ) ) ;
#1129 =( GEOMETRIC_REPRESENTATION_CONTEXT ( 3 ) GLOBAL_UNCERTAINTY_ASSIGNED_CONTEXT ( ( #863 ) ) GLOBAL_UNIT_ASSIGNED_CONTEXT ( ( #590, #51, #364 ) ) REPRESENTATION_CONTEXT ( 'NONE', 'WORKASPACE' ) );
#1130 = ORIENTED_EDGE ( 'NONE', *, *, #1369, .T. ) ;
#1131 = VECTOR ( 'NONE', #648, 1000.000000000000000 ) ;
#1132 = EDGE_CURVE ( 'NONE', #821, #638, #990, .T. ) ;
#1133 = ORIENTED_EDGE ( 'NONE', *, *, #991, .T. ) ;
#1134 = LINE ( 'NONE', #172, #583 ) ;
#1135 = VECTOR ( 'NONE', #1366, 1000.000000000000114 ) ;
#1136 = AXIS2_PLACEMENT_3D ( 'NONE', #414, #1260, #305 ) ;
#1137 = FACE_OUTER_BOUND ( 'NONE', #885, .T. ) ;
#1138 = DIRECTION ( 'NONE',  ( -1.000000000000000000, -6.361040144623282721E-16, 0.000000000000000000 ) ) ;
#1139 = SHAPE_REPRESENTATION_RELATIONSHIP ( 'NONE' , 'NONE' ,  #112, #571 ) ;
#1140 = ORIENTED_EDGE ( 'NONE', *, *, #625, .F. ) ;
#1141 = ADVANCED_FACE ( 'NONE', ( #744 ), #323, .F. ) ;
#1142 = DIRECTION ( 'NONE',  ( 0.000000000000000000, 0.000000000000000000, 1.000000000000000000 ) ) ;
#1143 = DIRECTION ( 'NONE',  ( -0.000000000000000000, 0.000000000000000000, -1.000000000000000000 ) ) ;
#1144 = CARTESIAN_POINT ( 'NONE',  ( 0.7500000000000004441, 0.2681000000000000605, -2.619231839571511067 ) ) ;
#1145 = DIRECTION ( 'NONE',  ( 1.000000000000000000, 0.000000000000000000, 0.000000000000000000 ) ) ;
#1146 = ORIENTED_EDGE ( 'NONE', *, *, #10, .T. ) ;
#1147 = DIRECTION ( 'NONE',  ( 1.000000000000000000, 0.000000000000000000, 0.000000000000000000 ) ) ;
#1148 = CARTESIAN_POINT ( 'NONE',  ( -0.3424999999999999156, 1.350000000000000089, -2.810000000000000053 ) ) ;
#1149 = DIRECTION ( 'NONE',  ( -0.1736481776669348831, 0.9848077530122072432, 0.000000000000000000 ) ) ;
#1150 = DIRECTION ( 'NONE',  ( 0.000000000000000000, 0.000000000000000000, 1.000000000000000000 ) ) ;
#1151 = VERTEX_POINT ( 'NONE', #1263 ) ;
#1152 = AXIS2_PLACEMENT_3D ( 'NONE', #645, #843, #240 ) ;
#1153 = VECTOR ( 'NONE', #581, 1000.000000000000000 ) ;
#1154 = ORIENTED_EDGE ( 'NONE', *, *, #873, .T. ) ;
#1155 = CARTESIAN_POINT ( 'NONE',  ( -2.330000000000000515, 0.3175000000000000600, -1.417499999999999982 ) ) ;
#1156 = VECTOR ( 'NONE', #425, 1000.000000000000000 ) ;
#1157 = EDGE_CURVE ( 'NONE', #974, #629, #735, .T. ) ;
#1158 = DIRECTION ( 'NONE',  ( -0.000000000000000000, -0.000000000000000000, -1.000000000000000000 ) ) ;
#1159 = VERTEX_POINT ( 'NONE', #1168 ) ;
#1160 = ORIENTED_EDGE ( 'NONE', *, *, #1369, .F. ) ;
#1161 = CARTESIAN_POINT ( 'NONE',  ( -2.330000000000000515, 1.032499999999999973, -1.417499999999999982 ) ) ;
#1162 = PLANE ( 'NONE',  #607 ) ;
#1163 = CARTESIAN_POINT ( 'NONE',  ( 1.507500000000000284, 0.2299999999999999545, 1.417499999999999982 ) ) ;
#1164 = ITEM_DEFINED_TRANSFORMATION ( 'NONE', 'NONE', #434,  #1243 ) ;
#1165 = EDGE_CURVE ( 'NONE', #700, #1204, #779, .T. ) ;
#1166 = VERTEX_POINT ( 'NONE', #1371 ) ;
#1167 = ORIENTED_EDGE ( 'NONE', *, *, #1187, .F. ) ;
#1168 = CARTESIAN_POINT ( 'NONE',  ( -2.116944794437052302, 1.120000000000000329, 1.417499999999999982 ) ) ;
#1169 = CARTESIAN_POINT ( 'NONE',  ( -4.657499999999999751, 1.350000000000000089, -2.809999999999999609 ) ) ;
#1170 = DIRECTION ( 'NONE',  ( -1.000000000000000000, 0.000000000000000000, 0.000000000000000000 ) ) ;
#1171 = ORIENTED_EDGE ( 'NONE', *, *, #458, .F. ) ;
#1172 = ORIENTED_EDGE ( 'NONE', *, *, #588, .F. ) ;
#1173 = EDGE_CURVE ( 'NONE', #690, #344, #848, .T. ) ;
#1174 = VECTOR ( 'NONE', #417, 1000.000000000000000 ) ;
#1175 = VECTOR ( 'NONE', #1158, 1000.000000000000000 ) ;
#1176 = CIRCLE ( 'NONE', #268, 0.3175000000000000600 ) ;
#1177 = DIRECTION ( 'NONE',  ( 1.000000000000000000, 0.000000000000000000, 0.000000000000000000 ) ) ;
#1178 = PRODUCT_CONTEXT ( 'NONE', #378, 'mechanical' ) ;
#1179 = CARTESIAN_POINT ( 'NONE',  ( 2.330000000000000515, 1.350000000000000089, 1.042499999999999982 ) ) ;
#1180 = APPLICATION_CONTEXT ( 'automotive_design' ) ;
#1181 = VERTEX_POINT ( 'NONE', #1301 ) ;
#1182 = EDGE_CURVE ( 'NONE', #52, #110, #650, .T. ) ;
#1183 = SURFACE_SIDE_STYLE ('',( #658 ) ) ;
#1184 = PLANE ( 'NONE',  #1112 ) ;
#1185 = DIRECTION ( 'NONE',  ( 1.000000000000000000, 0.000000000000000000, -0.000000000000000000 ) ) ;
#1186 = CARTESIAN_POINT ( 'NONE',  ( -2.116944794437052302, 1.120000000000000329, 1.042499999999999982 ) ) ;
#1187 = EDGE_CURVE ( 'NONE', #1204, #894, #21, .T. ) ;
#1188 = ORIENTED_EDGE ( 'NONE', *, *, #482, .F. ) ;
#1189 = CARTESIAN_POINT ( 'NONE',  ( 2.330000000000000515, 1.120000000000000107, -1.417499999999999982 ) ) ;
#1190 = SHAPE_DEFINITION_REPRESENTATION ( #24, #112 ) ;
#1191 = ORIENTED_EDGE ( 'NONE', *, *, #770, .T. ) ;
#1192 = PLANE ( 'NONE',  #1152 ) ;
#1193 = ORIENTED_EDGE ( 'NONE', *, *, #1313, .T. ) ;
#1194 = CARTESIAN_POINT ( 'NONE',  ( 2.116944794437053190, 1.120000000000000329, 1.417499999999999982 ) ) ;
#1195 = VECTOR ( 'NONE', #97, 1000.000000000000000 ) ;
#1196 = VECTOR ( 'NONE', #50, 1000.000000000000000 ) ;
#1197 = CARTESIAN_POINT ( 'NONE',  ( -2.157500000000000195, 1.350000000000000089, 1.042499999999999982 ) ) ;
#1198 = EDGE_CURVE ( 'NONE', #1208, #1151, #733, .T. ) ;
#1199 = CARTESIAN_POINT ( 'NONE',  ( -2.330000000000000515, 0.3175000000000000600, 1.417499999999999982 ) ) ;
#1200 =( GEOMETRIC_REPRESENTATION_CONTEXT ( 3 ) GLOBAL_UNCERTAINTY_ASSIGNED_CONTEXT ( ( #1286 ) ) GLOBAL_UNIT_ASSIGNED_CONTEXT ( ( #918, #1070, #757 ) ) REPRESENTATION_CONTEXT ( 'NONE', 'WORKASPACE' ) );
#1201 = CARTESIAN_POINT ( 'NONE',  ( -4.466731839571510321, 0.2680999999999993944, -2.810000000000000053 ) ) ;
#1202 = ORIENTED_EDGE ( 'NONE', *, *, #1132, .T. ) ;
#1203 = LINE ( 'NONE', #1114, #911 ) ;
#1204 = VERTEX_POINT ( 'NONE', #29 ) ;
#1205 = DIRECTION ( 'NONE',  ( -1.000000000000000000, -6.361040144623282721E-16, 0.000000000000000000 ) ) ;
#1206 = DIRECTION ( 'NONE',  ( 0.000000000000000000, 0.000000000000000000, -1.000000000000000000 ) ) ;
#1207 = EDGE_CURVE ( 'NONE', #1231, #660, #936, .T. ) ;
#1208 = VERTEX_POINT ( 'NONE', #639 ) ;
#1209 = DIRECTION ( 'NONE',  ( 1.000000000000000000, 1.782154682279576065E-16, -0.000000000000000000 ) ) ;
#1210 = ORIENTED_EDGE ( 'NONE', *, *, #67, .T. ) ;
#1211 = DIRECTION ( 'NONE',  ( 1.000000000000000000, 6.361040144623282721E-16, -0.000000000000000000 ) ) ;
#1212 = CARTESIAN_POINT ( 'NONE',  ( 2.157500000000000195, 1.350000000000000089, 2.810000000000000941 ) ) ;
#1213 = CARTESIAN_POINT ( 'NONE',  ( -2.330000000000000515, 0.000000000000000000, -1.417499999999999982 ) ) ;
#1214 = ORIENTED_EDGE ( 'NONE', *, *, #179, .F. ) ;
#1215 = PRODUCT_DEFINITION_SHAPE ( 'NONE', 'NONE',  #1384 ) ;
#1216 = EDGE_CURVE ( 'NONE', #556, #1248, #1051, .T. ) ;
#1217 = DIRECTION ( 'NONE',  ( -9.897851265783583686E-17, 0.1736481776669307198, -0.9848077530122080203 ) ) ;
#1218 = DIRECTION ( 'NONE',  ( 1.000000000000000000, 0.000000000000000000, -0.000000000000000000 ) ) ;
#1219 = AXIS2_PLACEMENT_3D ( 'NONE', #592, #1217, #266 ) ;
#1220 = CIRCLE ( 'NONE', #537, 0.3175000000000000600 ) ;
#1221 = CARTESIAN_POINT ( 'NONE',  ( -2.647500000000000409, 1.032499999999999973, -1.417499999999999982 ) ) ;
#1222 = LINE ( 'NONE', #603, #1064 ) ;
#1223 = VECTOR ( 'NONE', #830, 1000.000000000000114 ) ;
#1224 = MECHANICAL_DESIGN_GEOMETRIC_PRESENTATION_REPRESENTATION (  '', ( #1024 ), #1200 ) ;
#1225 = EDGE_LOOP ( 'NONE', ( #36, #1294, #987, #1033 ) ) ;
#1226 = LINE ( 'NONE', #59, #287 ) ;
#1227 = ADVANCED_FACE ( 'NONE', ( #1365 ), #457, .T. ) ;
#1228 = CARTESIAN_POINT ( 'NONE',  ( -2.417500000000000426, 1.032499999999999973, 1.417499999999999982 ) ) ;
#1229 = CARTESIAN_POINT ( 'NONE',  ( 2.157500000000000195, 1.350000000000000089, 0.8100000000000006084 ) ) ;
#1230 = LINE ( 'NONE', #377, #851 ) ;
#1231 = VERTEX_POINT ( 'NONE', #347 ) ;
#1232 = FACE_OUTER_BOUND ( 'NONE', #840, .T. ) ;
#1233 = EDGE_CURVE ( 'NONE', #644, #1068, #542, .T. ) ;
#1234 = DIRECTION ( 'NONE',  ( -0.000000000000000000, -0.000000000000000000, -1.000000000000000000 ) ) ;
#1235 = LINE ( 'NONE', #926, #201 ) ;
#1236 = CARTESIAN_POINT ( 'NONE',  ( 2.330000000000000515, 0.000000000000000000, -1.417499999999999982 ) ) ;
#1237 = VERTEX_POINT ( 'NONE', #982 ) ;
#1238 = EDGE_LOOP ( 'NONE', ( #264, #742, #1368, #842, #1043, #628, #750, #456 ) ) ;
#1239 = CARTESIAN_POINT ( 'NONE',  ( -3.249999999999999556, 0.1999999999999999833, 2.607223972185265026 ) ) ;
#1240 = CARTESIAN_POINT ( 'NONE',  ( -2.157500000000000195, 1.350000000000000089, 1.417499999999999982 ) ) ;
#1241 = CARTESIAN_POINT ( 'NONE',  ( -2.500000000000000000, 2.500000000000000000, -2.607223972185264582 ) ) ;
#1242 =( NAMED_UNIT ( * ) PLANE_ANGLE_UNIT ( ) SI_UNIT ( $, .RADIAN. ) );
#1243 = AXIS2_PLACEMENT_3D ( 'NONE', #685, #405, #1145 ) ;
#1244 = ADVANCED_FACE ( 'NONE', ( #952 ), #1192, .F. ) ;
#1245 = ORIENTED_EDGE ( 'NONE', *, *, #1157, .T. ) ;
#1246 = CIRCLE ( 'NONE', #715, 0.08749999999999991118 ) ;
#1247 = VECTOR ( 'NONE', #1324, 1000.000000000000000 ) ;
#1248 = VERTEX_POINT ( 'NONE', #135 ) ;
#1249 = CARTESIAN_POINT ( 'NONE',  ( 2.330000000000000515, 0.3175000000000000600, -1.417499999999999982 ) ) ;
#1250 = PRODUCT_DEFINITION_FORMATION_WITH_SPECIFIED_SOURCE ( 'ANY', '', #185, .NOT_KNOWN. ) ;
#1251 = FACE_OUTER_BOUND ( 'NONE', #1254, .T. ) ;
#1252 = DIRECTION ( 'NONE',  ( 0.000000000000000000, -0.000000000000000000, 1.000000000000000000 ) ) ;
#1253 =( LENGTH_UNIT ( ) NAMED_UNIT ( * ) SI_UNIT ( .MILLI., .METRE. ) );
#1254 = EDGE_LOOP ( 'NONE', ( #307, #421, #743, #1027 ) ) ;
#1255 = ORIENTED_EDGE ( 'NONE', *, *, #1233, .T. ) ;
#1256 = CARTESIAN_POINT ( 'NONE',  ( 2.157500000000000195, 1.350000000000000089, 1.042499999999999982 ) ) ;
#1257 = APPLICATION_CONTEXT ( 'automotive_design' ) ;
#1258 = CARTESIAN_POINT ( 'NONE',  ( -1.507500000000000284, 0.2299999999999999545, 1.417499999999999982 ) ) ;
#1259 = DIRECTION ( 'NONE',  ( -1.000000000000000000, 0.000000000000000000, 0.000000000000000000 ) ) ;
#1260 = DIRECTION ( 'NONE',  ( 0.000000000000000000, 0.000000000000000000, 1.000000000000000000 ) ) ;
#1261 = ORIENTED_EDGE ( 'NONE', *, *, #983, .T. ) ;
#1262 = ORIENTED_EDGE ( 'NONE', *, *, #1173, .T. ) ;
#1263 = CARTESIAN_POINT ( 'NONE',  ( -3.249999999999999556, 0.2000000000000000944, -2.607223972185264582 ) ) ;
#1264 = ADVANCED_FACE ( 'NONE', ( #519 ), #570, .F. ) ;
#1265 = CARTESIAN_POINT ( 'NONE',  ( 2.417500000000000426, 0.3175000000000000600, -1.417499999999999982 ) ) ;
#1266 = FACE_OUTER_BOUND ( 'NONE', #720, .T. ) ;
#1267 = DIRECTION ( 'NONE',  ( 0.000000000000000000, 0.000000000000000000, 1.000000000000000000 ) ) ;
#1268 = ORIENTED_EDGE ( 'NONE', *, *, #507, .T. ) ;
#1269 = VECTOR ( 'NONE', #646, 1000.000000000000000 ) ;
#1270 = AXIS2_PLACEMENT_3D ( 'NONE', #433, #859, #1272 ) ;
#1271 = VERTEX_POINT ( 'NONE', #1018 ) ;
#1272 = DIRECTION ( 'NONE',  ( 0.000000000000000000, -0.000000000000000000, -1.000000000000000000 ) ) ;
#1273 = VECTOR ( 'NONE', #1149, 1000.000000000000114 ) ;
#1274 = SURFACE_STYLE_FILL_AREA ( #526 ) ;
#1275 = EDGE_CURVE ( 'NONE', #1041, #483, #1222, .T. ) ;
#1276 = LINE ( 'NONE', #759, #1156 ) ;
#1277 = DIRECTION ( 'NONE',  ( 1.000000000000000000, 0.000000000000000000, 0.000000000000000000 ) ) ;
#1278 = ORIENTED_EDGE ( 'NONE', *, *, #1173, .F. ) ;
#1279 = ORIENTED_EDGE ( 'NONE', *, *, #738, .T. ) ;
#1280 = CARTESIAN_POINT ( 'NONE',  ( 1.954723972185264724, 2.500000000000000000, -1.000000000000000000 ) ) ;
#1281 = LINE ( 'NONE', #862, #961 ) ;
#1282 = ORIENTED_EDGE ( 'NONE', *, *, #1338, .T. ) ;
#1283 = EDGE_LOOP ( 'NONE', ( #786, #945, #1202, #518 ) ) ;
#1284 = DIRECTION ( 'NONE',  ( 0.000000000000000000, -1.000000000000000000, 0.000000000000000000 ) ) ;
#1285 = DIRECTION ( 'NONE',  ( 0.1710878697460360975, -0.9702875252478138091, -0.1710878697460359033 ) ) ;
#1286 = UNCERTAINTY_MEASURE_WITH_UNIT (LENGTH_MEASURE( 1.000000000000000082E-05 ), #918, 'distance_accuracy_value', 'NONE');
#1287 = ORIENTED_EDGE ( 'NONE', *, *, #1275, .T. ) ;
#1288 = EDGE_CURVE ( 'NONE', #894, #1237, #1123, .T. ) ;
#1289 = VECTOR ( 'NONE', #899, 1000.000000000000000 ) ;
#1290 = AXIS2_PLACEMENT_3D ( 'NONE', #1229, #167, #156 ) ;
#1291 = SURFACE_STYLE_USAGE ( .BOTH. , #1183 ) ;
#1292 = COLOUR_RGB ( '',1.000000000000000000, 1.000000000000000000, 1.000000000000000000 ) ;
#1293 = DIRECTION ( 'NONE',  ( 0.000000000000000000, -1.000000000000000000, 0.000000000000000000 ) ) ;
#1294 = ORIENTED_EDGE ( 'NONE', *, *, #577, .F. ) ;
#1295 = EDGE_CURVE ( 'NONE', #638, #754, #997, .T. ) ;
#1296 = ORIENTED_EDGE ( 'NONE', *, *, #152, .T. ) ;
#1297 = DIRECTION ( 'NONE',  ( -0.1736481776669307198, -0.9848077530122080203, 0.000000000000000000 ) ) ;
#1298 = DIRECTION ( 'NONE',  ( 0.000000000000000000, -0.000000000000000000, 1.000000000000000000 ) ) ;
#1299 = PRODUCT_CONTEXT ( 'NONE', #593, 'mechanical' ) ;
#1300 = ORIENTED_EDGE ( 'NONE', *, *, #67, .F. ) ;
#1301 = CARTESIAN_POINT ( 'NONE',  ( -3.249999999999999556, 0.2680999999999998384, -2.619231839571511067 ) ) ;
#1302 = VERTEX_POINT ( 'NONE', #44 ) ;
#1303 = DIRECTION ( 'NONE',  ( 0.000000000000000000, 1.000000000000000000, -0.000000000000000000 ) ) ;
#1304 = EDGE_CURVE ( 'NONE', #1181, #446, #272, .T. ) ;
#1305 = LINE ( 'NONE', #1228, #914 ) ;
#1306 = DIRECTION ( 'NONE',  ( -9.897851265783583686E-17, -0.1736481776669307198, -0.9848077530122080203 ) ) ;
#1307 = DIRECTION ( 'NONE',  ( -1.000000000000000000, 0.000000000000000000, 0.000000000000000000 ) ) ;
#1308 = ORIENTED_EDGE ( 'NONE', *, *, #1103, .F. ) ;
#1309 = FACE_OUTER_BOUND ( 'NONE', #661, .T. ) ;
#1310 = AXIS2_PLACEMENT_3D ( 'NONE', #886, #478, #1297 ) ;
#1311 = VECTOR ( 'NONE', #211, 1000.000000000000000 ) ;
#1312 = VECTOR ( 'NONE', #677, 1000.000000000000000 ) ;
#1313 = EDGE_CURVE ( 'NONE', #827, #446, #157, .T. ) ;
#1314 = FACE_OUTER_BOUND ( 'NONE', #949, .T. ) ;
#1315 = DIRECTION ( 'NONE',  ( 1.000000000000000000, 0.000000000000000000, 0.000000000000000000 ) ) ;
#1316 = ORIENTED_EDGE ( 'NONE', *, *, #770, .F. ) ;
#1317 = DIRECTION ( 'NONE',  ( -0.000000000000000000, -0.000000000000000000, 1.000000000000000000 ) ) ;
#1318 = PLANE ( 'NONE',  #763 ) ;
#1319 = CARTESIAN_POINT ( 'NONE',  ( 2.116944794437052302, 1.120000000000000329, 1.042499999999999982 ) ) ;
#1320 = FACE_OUTER_BOUND ( 'NONE', #1014, .T. ) ;
#1321 = ADVANCED_FACE ( 'NONE', ( #582 ), #64, .F. ) ;
#1322 = EDGE_LOOP ( 'NONE', ( #951, #2, #26, #1349, #928, #826, #144, #118, #680, #724, #637, #906 ) ) ;
#1323 = PLANE ( 'NONE',  #1219 ) ;
#1324 = DIRECTION ( 'NONE',  ( 0.000000000000000000, 0.000000000000000000, 1.000000000000000000 ) ) ;
#1325 = FACE_OUTER_BOUND ( 'NONE', #1077, .T. ) ;
#1326 = CARTESIAN_POINT ( 'NONE',  ( -4.657499999999999751, 1.350000000000000089, -2.809999999999999609 ) ) ;
#1327 = ORIENTED_EDGE ( 'NONE', *, *, #39, .F. ) ;
#1328 = EDGE_CURVE ( 'NONE', #510, #100, #393, .T. ) ;
#1329 = CARTESIAN_POINT ( 'NONE',  ( -2.330000000000000515, 0.3175000000000000600, -1.417499999999999982 ) ) ;
#1330 = COLOUR_RGB ( '',1.000000000000000000, 1.000000000000000000, 1.000000000000000000 ) ;
#1331 = CARTESIAN_POINT ( 'NONE',  ( 1.966731839571511431, 0.2681000000000000050, 2.619231839571511511 ) ) ;
#1332 = VECTOR ( 'NONE', #91, 1000.000000000000000 ) ;
#1333 = AXIS2_PLACEMENT_3D ( 'NONE', #162, #1206, #778 ) ;
#1334 = LINE ( 'NONE', #262, #1196 ) ;
#1335 = DIRECTION ( 'NONE',  ( -1.000000000000000000, 1.718743835121642868E-17, 9.747480664705370517E-17 ) ) ;
#1336 = VECTOR ( 'NONE', #1285, 999.9999999999998863 ) ;
#1337 = VECTOR ( 'NONE', #1036, 1000.000000000000000 ) ;
#1338 = EDGE_CURVE ( 'NONE', #187, #660, #163, .T. ) ;
#1339 = CARTESIAN_POINT ( 'NONE',  ( 2.330000000000000515, 0.3175000000000000600, 1.417499999999999982 ) ) ;
#1340 = DIRECTION ( 'NONE',  ( -0.000000000000000000, -0.000000000000000000, -1.000000000000000000 ) ) ;
#1341 = DIRECTION ( 'NONE',  ( 0.000000000000000000, 0.9848077530122085754, -0.1736481776669277777 ) ) ;
#1342 = DIRECTION ( 'NONE',  ( 0.000000000000000000, -0.000000000000000000, 1.000000000000000000 ) ) ;
#1343 = ORIENTED_EDGE ( 'NONE', *, *, #1182, .T. ) ;
#1344 = DIRECTION ( 'NONE',  ( -0.000000000000000000, 0.000000000000000000, -1.000000000000000000 ) ) ;
#1345 = LINE ( 'NONE', #70, #1223 ) ;
#1346 = ADVANCED_FACE ( 'NONE', ( #904 ), #1002, .T. ) ;
#1347 = LINE ( 'NONE', #1241, #493 ) ;
#1348 = DIRECTION ( 'NONE',  ( 1.000000000000000000, 0.000000000000000000, 0.000000000000000000 ) ) ;
#1349 = ORIENTED_EDGE ( 'NONE', *, *, #1165, .T. ) ;
#1350 = ORIENTED_EDGE ( 'NONE', *, *, #1030, .F. ) ;
#1351 = LINE ( 'NONE', #1119, #609 ) ;
#1352 = DIRECTION ( 'NONE',  ( 0.000000000000000000, 1.000000000000000000, 0.000000000000000000 ) ) ;
#1353 = CARTESIAN_POINT ( 'NONE',  ( 2.417500000000000426, 1.032499999999999973, -1.417499999999999982 ) ) ;
#1354 = VECTOR ( 'NONE', #1344, 1000.000000000000000 ) ;
#1355 = ORIENTED_EDGE ( 'NONE', *, *, #588, .T. ) ;
#1356 = AXIS2_PLACEMENT_3D ( 'NONE', #35, #1116, #596 ) ;
#1357 = VECTOR ( 'NONE', #1211, 1000.000000000000000 ) ;
#1358 = ORIENTED_EDGE ( 'NONE', *, *, #668, .T. ) ;
#1359 = DIRECTION ( 'NONE',  ( -1.000000000000000000, 0.000000000000000000, 0.000000000000000000 ) ) ;
#1360 = CARTESIAN_POINT ( 'NONE',  ( -2.647500000000000409, 1.032499999999999973, 1.417499999999999982 ) ) ;
#1361 = DIRECTION ( 'NONE',  ( 0.000000000000000000, 0.000000000000000000, 1.000000000000000000 ) ) ;
#1362 = EDGE_LOOP ( 'NONE', ( #260, #181, #1008, #315 ) ) ;
#1363 = EDGE_CURVE ( 'NONE', #100, #682, #492, .T. ) ;
#1364 = ORIENTED_EDGE ( 'NONE', *, *, #776, .T. ) ;
#1365 = FACE_OUTER_BOUND ( 'NONE', #466, .T. ) ;
#1366 = DIRECTION ( 'NONE',  ( 0.000000000000000000, 0.9848077530122085754, 0.1736481776669277777 ) ) ;
#1367 = CARTESIAN_POINT ( 'NONE',  ( 1.966731839571511431, 0.2681000000000000605, 0.8100000000000006084 ) ) ;
#1368 = ORIENTED_EDGE ( 'NONE', *, *, #1071, .T. ) ;
#1369 = EDGE_CURVE ( 'NONE', #134, #706, #1230, .T. ) ;
#1370 = VERTEX_POINT ( 'NONE', #1236 ) ;
#1371 = CARTESIAN_POINT ( 'NONE',  ( 2.330000000000000515, 1.119999999999999885, 1.417499999999999982 ) ) ;
#1372 = FILL_AREA_STYLE_COLOUR ( '', #1292 ) ;
#1373 = ORIENTED_EDGE ( 'NONE', *, *, #1075, .F. ) ;
#1374 = VECTOR ( 'NONE', #233, 1000.000000000000000 ) ;
#1375 = VECTOR ( 'NONE', #488, 1000.000000000000114 ) ;
#1376 = VECTOR ( 'NONE', #704, 1000.000000000000000 ) ;
#1377 = ORIENTED_EDGE ( 'NONE', *, *, #215, .F. ) ;
#1378 = CARTESIAN_POINT ( 'NONE',  ( -2.500000000000000000, 0.2000000000000000944, -2.607223972185264582 ) ) ;
#1379 = AXIS2_PLACEMENT_3D ( 'NONE', #621, #831, #1259 ) ;
#1380 = ADVANCED_FACE ( 'NONE', ( #1320 ), #481, .F. ) ;
#1381 = CARTESIAN_POINT ( 'NONE',  ( -1.507500000000000284, 0.2299999999999999545, -1.417499999999999982 ) ) ;
#1382 = NEXT_ASSEMBLY_USAGE_OCCURRENCE ( 'NAUO1', ' ', ' ', #371, #887, $ ) ;
#1383 = NEXT_ASSEMBLY_USAGE_OCCURRENCE ( 'NAUO2', ' ', ' ', #371, #101, $ ) ;
#1384 = NEXT_ASSEMBLY_USAGE_OCCURRENCE ( 'NAUO3', ' ', ' ', #371, #746, $ ) ;
ENDSEC;
END-ISO-10303-21;
